study_id,comparison,category,subtype,timepoint_used,ptcy_arm_id,comp_arm_id,ptcy_n,comp_n,ptcy_e,comp_e,ptcy_ci_pct,comp_ci_pct,ptcy_steroid_pct,comp_steroid_pct
2,1,overall_mortality,OS_event,D+365_1yr,1,2,208,212,48,56,23,27.8,NA,NA
6,1,overall_mortality,OS_event,D+365_1yr,10,11,68,97,NA,NA,38,30,60,80
19,1,overall_mortality,OS_event,D+365_1yr,27,28,139,457,NA,NA,22,16,45,30
20,1,overall_mortality,OS_event,D+365_1yr,29,30,26,52,NA,NA,17.1,21.2,NA,NA
35,1,overall_mortality,OS_event,D+365_1yr,35,36,487,7050,NA,NA,38.1,31.4,39.2,27.3
37,1,overall_mortality,OS_event,D+365_1yr,38,37,40,25,NA,NA,9,8.8,NA,NA
48,1,overall_mortality,OS_event,D+365_1yr,48,49,125,375,NA,NA,19.8,23.4,NA,NA
49,1,overall_mortality,OS_event,D+365_1yr,50,51,118,91,NA,NA,59.72,45.8,58,52
50,1,overall_mortality,OS_event,D+365_1yr,54,55,78,40,NA,NA,33.33,35,34.6,57.5
51,1,overall_mortality,OS_event,D+365_1yr,56,57,78,40,NA,NA,33.33,35,34.6,57.5
67,1,overall_mortality,OS_event,D+365_1yr,78,79,41,20,NA,NA,54,40,NA,NA
72,1,overall_mortality,OS_event,D+365_1yr,83,86,92,224,NA,NA,29,29,27,30
105,1,overall_mortality,OS_event,D+365_1yr,120,121,66,68,NA,NA,17,27,NA,NA
120,1,overall_mortality,OS_event,D+365_1yr,139,140,132,525,NA,NA,34,35,34,32
133,1,overall_mortality,OS_event,D+365_1yr,151,152,30,47,NA,NA,31,55,14,26
178,1,overall_mortality,OS_event,D+365_1yr,184,185,118,76,33,18,NA,NA,26.3,31.6
180,1,overall_mortality,OS_event,D+365_1yr,188,189,29,87,NA,NA,19,30.3,17.2,34.5
187,1,overall_mortality,OS_event,D+365_1yr,197,198,330,1669,NA,NA,45.9,47.7,NA,NA
196,1,overall_mortality,OS_event,D+365_1yr,201,202,185,488,NA,NA,24,22,27,40
198,1,overall_mortality,OS_event,D+365_1yr,206,207,15,25,NA,NA,6.7,36,13.3,28
207,1,overall_mortality,OS_event,D+365_1yr,212,213,21,21,NA,NA,43,29,33.3,66.7
226,1,overall_mortality,OS_event,D+365_1yr,229,230,114,118,NA,NA,15.4,15.8,37.6,29.8
245,1,overall_mortality,OS_event,D+365_1yr,248,249,187,232,NA,NA,17.8,28.5,16.3,21.5
260,1,overall_mortality,OS_event,D+365_1yr,269,270,46,191,5,66,6.7,17.9,13,28.4
271,1,overall_mortality,OS_event,D+365_1yr,285,284,176,276,45,75,26,27,50,51
289,1,overall_mortality,OS_event,D+365_1yr,311,312,136,465,NA,NA,32.4,32.9,19.9,32.5
300,1,overall_mortality,OS_event,D+365_1yr,326,325,113,1094,NA,NA,NA,NA,NA,NA
305,1,overall_mortality,OS_event,D+365_1yr,334,335,64,121,NA,NA,45,38,41,26
320,1,overall_mortality,OS_event,D+365_1yr,346,347,28,59,4,17,15,24,14,37
335,1,overall_mortality,OS_event,D+365_1yr,366,367,88,73,NA,NA,24.3,33.1,18.2,26
336,1,overall_mortality,OS_event,D+365_1yr,368,369,66,338,NA,NA,30,27,32,25
337,1,overall_mortality,OS_event,D+365_1yr,371,370,127,84,NA,NA,17.3,30.2,23.3,35.7
338,1,overall_mortality,OS_event,D+365_1yr,373,374,95,177,NA,NA,16.2,33.9,NA,NA
357,1,overall_mortality,OS_event,D+365_1yr,394,395,89,90,17,19,20.9,22.7,NA,NA
375,1,overall_mortality,OS_event,D+365_1yr,414,415,27,28,NA,NA,41,61,29.6,39.3
380,1,overall_mortality,OS_event,D+365_1yr,419,420,72,73,NA,NA,14,14,40,42
382,1,overall_mortality,OS_event,D+365_1yr,421,422,191,558,NA,NA,NA,NA,NA,NA
389,1,overall_mortality,OS_event,D+365_1yr,429,430,52,29,NA,NA,34.5,28.5,30.8,37.9
421,1,overall_mortality,OS_event,D+365_1yr,466,467,68,271,NA,NA,32,51,NA,NA
432,1,overall_mortality,OS_event,D+365_1yr,482,483,25,15,2,3,8,20,12.5,35.7
5,1,overall_mortality,OS_event,D+730_2yr,6,8,75,89,NA,NA,38.1,30.6,NA,NA
7,1,overall_mortality,OS_event,D+730_2yr,14,15,86,125,NA,NA,31,60,NA,NA
8,1,overall_mortality,OS_event,D+730_2yr,17,18,403,1605,179,753,NA,NA,NA,NA
9,1,overall_mortality,OS_event,D+730_2yr,19,20,200,130,63,46,31.6,35.6,NA,NA
52,1,overall_mortality,OS_event,D+730_2yr,58,59,270,209,79,91,30,40,29.2,44.4
55,1,overall_mortality,OS_event,D+730_2yr,60,61,33,37,NA,NA,33,38,39,27
57,1,overall_mortality,OS_event,D+730_2yr,63,64,389,1654,NA,NA,75,68,28,27
65,1,overall_mortality,OS_event,D+730_2yr,75,74,40,39,10,20,36,58,7,39
71,1,overall_mortality,OS_event,D+730_2yr,80,81,31,47,NA,NA,30,22,23,21
77,1,overall_mortality,OS_event,D+730_2yr,90,91,199,1111,NA,NA,70.7,65.3,28.2,30.6
88,1,overall_mortality,OS_event,D+730_2yr,104,105,40,40,14,17,35.9,44.8,15,39.8
110,1,overall_mortality,OS_event,D+730_2yr,126,127,53,22,NA,NA,41,63.6,22.3,54.5
111,1,overall_mortality,OS_event,D+730_2yr,130,128,78,210,NA,NA,38.6,43.4,16,40.6
112,1,overall_mortality,OS_event,D+730_2yr,132,133,306,686,NA,NA,26.1,27,28.1,39.9
118,1,overall_mortality,OS_event,D+730_2yr,135,136,280,902,84,441,37.2,53.2,31.6,36
119,1,overall_mortality,OS_event,D+730_2yr,137,138,34,34,15,12,48,34,13,50
140,1,overall_mortality,OS_event,D+730_2yr,159,160,182,186,NA,NA,43,54,28,35
144,1,overall_mortality,OS_event,D+730_2yr,165,166,117,39,14,4,12.5,10.3,21.4,23.1
166,1,overall_mortality,OS_event,D+730_2yr,172,173,30,31,5,7,16.7,22.6,16.7,25.8
170,1,overall_mortality,OS_event,D+730_2yr,181,182,1142,3185,NA,NA,43.8,46.7,26.4,37.3
183,1,overall_mortality,OS_event,D+730_2yr,191,190,103,94,NA,NA,55,44,33,35
184,1,overall_mortality,OS_event,D+730_2yr,193,194,87,40,17,9,NA,NA,9.2,12.3
209,1,overall_mortality,OS_event,D+730_2yr,216,217,57,50,NA,NA,22,44,22.6,52.2
216,1,overall_mortality,OS_event,D+730_2yr,220,221,55,75,2,10,4.09,13.33,18.4,19.32
217,1,overall_mortality,OS_event,D+730_2yr,222,223,119,35,NA,NA,50.8,74.3,26.6,NA
221,1,overall_mortality,OS_event,D+730_2yr,226,227,313,196,NA,NA,56,60,31,34
232,1,overall_mortality,OS_event,D+730_2yr,231,232,487,974,NA,NA,57,52,32,33
238,1,overall_mortality,OS_event,D+730_2yr,235,236,107,463,NA,NA,34,38,20,20
242,1,overall_mortality,OS_event,D+730_2yr,239,240,41,72,NA,NA,48,60,37,36
244,1,overall_mortality,OS_event,D+730_2yr,247,246,140,272,NA,NA,35,39,44,37
248,1,overall_mortality,OS_event,D+730_2yr,254,255,67,30,NA,NA,29,50,24,30
258,1,overall_mortality,OS_event,D+730_2yr,267,268,78,105,NA,NA,38,59,8,27
261,1,overall_mortality,OS_event,D+730_2yr,271,272,91,38,17,17,17,43,19,11
262,1,overall_mortality,OS_event,D+730_2yr,274,273,176,270,NA,NA,15,28,26,31
263,1,overall_mortality,OS_event,D+730_2yr,275,276,489,211,207,82,45.2,41,24.4,31.4
273,1,overall_mortality,OS_event,D+730_2yr,289,288,451,2675,NA,NA,44.5,49.2,23.1,41.9
276,1,overall_mortality,OS_event,D+730_2yr,294,295,413,1891,NA,NA,41.2,32.6,36.3,28.9
280,1,overall_mortality,OS_event,D+730_2yr,301,302,707,6342,NA,NA,29.7,34.1,23.9,25.2
281,1,overall_mortality,OS_event,D+730_2yr,303,304,402,5648,97,1619,29.2,32.6,21.2,20.4
287,1,overall_mortality,OS_event,D+730_2yr,309,310,118,1202,29,351,32.3,27,25.2,22.9
296,1,overall_mortality,OS_event,D+730_2yr,319,320,169,688,88,401,56,61,29.6,36.1
302,1,overall_mortality,OS_event,D+730_2yr,330,331,81,128,NA,NA,27,37,19,45
304,1,overall_mortality,OS_event,D+730_2yr,332,333,62,71,NA,NA,43,63,11,28
308,1,overall_mortality,OS_event,D+730_2yr,338,339,1069,4140,NA,NA,31.5,35.2,21.4,19.5
318,1,overall_mortality,OS_event,D+730_2yr,344,345,415,1414,NA,NA,50,42,24,21
323,1,overall_mortality,OS_event,D+730_2yr,351,352,47,69,NA,NA,68.2,70.8,34.4,26.8
325,1,overall_mortality,OS_event,D+730_2yr,355,356,544,165,178,64,35.8,40.6,34.9,44.4
326,1,overall_mortality,OS_event,D+730_2yr,357,358,95,253,NA,NA,28.5,21.6,36.7,28.7
332,1,overall_mortality,OS_event,D+730_2yr,362,363,73,17,NA,NA,46,75,NA,NA
344,1,overall_mortality,OS_event,D+730_2yr,382,383,225,450,NA,NA,61.3,58,30.5,33.1
352,1,overall_mortality,OS_event,D+730_2yr,389,390,116,338,NA,NA,NA,NA,NA,NA
359,1,overall_mortality,OS_event,D+730_2yr,398,399,75,75,NA,NA,45.6,32.8,10.7,14.7
368,1,overall_mortality,OS_event,D+730_2yr,408,409,136,408,NA,NA,NA,NA,29,41
374,1,overall_mortality,OS_event,D+730_2yr,412,413,59,226,NA,NA,30.8,54.2,NA,NA
390,1,overall_mortality,OS_event,D+730_2yr,431,432,114,125,16,27,17,23,26,36
395,1,overall_mortality,OS_event,D+730_2yr,438,439,157,140,19,23,12.6,16.4,16.6,31.6
399,1,overall_mortality,OS_event,D+730_2yr,446,447,241,848,69,265,31,32,25,36
407,1,overall_mortality,OS_event,D+730_2yr,450,451,121,91,61,42,51.9,51.2,35.6,47.3
410,1,overall_mortality,OS_event,D+730_2yr,456,457,110,160,NA,NA,29.1,55.6,18.2,40.4
419,1,overall_mortality,OS_event,D+730_2yr,464,465,125,344,NA,NA,20,36,16,37
424,1,overall_mortality,OS_event,D+730_2yr,471,472,36,71,NA,NA,40.8,36.1,16.7,26.8
442,1,overall_mortality,OS_event,D+730_2yr,494,495,39,17,NA,NA,57,26,62,47
457,1,overall_mortality,OS_event,D+730_2yr,513,514,71,48,NA,NA,6,36.7,NA,NA
45,1,overall_mortality,OS_event,end_of_followup,46,47,54,59,32,37,NA,NA,63,53
104,1,overall_mortality,OS_event,end_of_followup,118,119,49,41,11,20,NA,NA,NA,NA
167,1,overall_mortality,OS_event,end_of_followup,174,175,16,16,9,9,56,56,13,50
396,1,overall_mortality,OS_event,end_of_followup,441,440,122,230,41,37,34.8,15.9,28.7,28.6
