outcome,comparison,time_horizon,baseline_risk,or_median,or_lo,or_hi,abs_diff_per1000,abs_diff_lo,abs_diff_hi
Overall survival (mortality),c1_os,1 year (2-yr/last follow-up fallbacks),0.35,0.729,0.581,0.89,-68,-111,-26
Overall survival (mortality),c2_os,1 year (2-yr fallback),0.52,0.751,0.426,1.279,-71,-204,61
Non-relapse mortality,c1_nrm,1 year (day +100/last follow-up fallbacks),0.16,0.842,0.477,1.285,-22,-77,37
Acute GVHD II–IV,c1_agvhd,day +100 (day +180 fallback),0.33,0.5817457922660036,0.4355455296326114,0.7587812817876203,-108,-155,-58
Acute GVHD II–IV,c2_agvhd,day +100 (day +180 fallback),0.4,0.533,0.232,1.17,-138,-266,38
CMV reactivation,c1_cmv,day +100 (day +180/last follow-up fallbacks),0.48,1.201,0.869,1.647,46,-35,123
CMV reactivation,c2_cmv,day +100 (day +180 fallback),0.47,0.8595006358462937,0.5085594446303261,1.422423774422285,-38,-160,88
Bloodstream infection,c1_bsi,day +100 (culture-confirmed primary),0.21,2.167,0.861,4.388,154,-23,326
Invasive fungal infection,c1_ifi_any,end of follow-up,0.14,0.628280055161438,0.1944941143571756,2.436543568441479,-48,-111,146
