analysis,k,or_med,or_lo,or_hi,tau_slope,divergences,note
c1_os / CNI_MTX,12,0.5610400756195174,0.3377103640142847,0.8435008657173594,0.51678469,0,NA
c1_os / CNI_MMF,5,1.099924482143523,0.4447237644274401,3.013218622547932,0.3833513549999999,0,NA
c1_os / CNI_MTX_MMF,11,0.8535781401664042,0.5650519621608397,1.2623674367412976,0.5024775450000001,0,NA
"c1_os interaction: PTCy effect, CNI_MMF vs CNI+MTX",24,1.821400954298612,0.7557158180555323,4.525479922680974,0.46634495,0,ratio of odds ratios; 1 = same PTCy effect across backbones
"c1_os interaction: PTCy effect, CNI_MTX_MMF vs CNI+MTX",24,1.4645570181143006,0.872215441854794,2.5442971682697797,0.46634495,0,ratio of odds ratios; 1 = same PTCy effect across backbones
c1_agvhd / CNI_MTX,15,0.5290737806813062,0.3555981706363522,0.7457375231173586,0.45320116,0,NA
c1_agvhd / CNI_MMF,3,0.5113656261237294,0.11947202614718495,2.214523008434594,1.1078176000000002,0,NA
c1_agvhd / CNI_MTX_MMF,5,0.8530407842101896,0.44560136834723546,1.5661696446153888,0.33991987,0,NA
"c1_agvhd interaction: PTCy effect, CNI_MMF vs CNI+MTX",23,1.081392083143611,0.4787812711119831,2.45607969084317,0.498681765,0,ratio of odds ratios; 1 = same PTCy effect across backbones
"c1_agvhd interaction: PTCy effect, CNI_MTX_MMF vs CNI+MTX",23,1.576139235807661,0.7599939071850057,3.2932586568488142,0.498681765,0,ratio of odds ratios; 1 = same PTCy effect across backbones
c1_cmv / CNI_MTX,10,1.299222144694287,0.6525514751182967,2.299525910296446,0.74786419,0,NA
c1_cmv / CNI_MMF,2,NA,NA,NA,NA,NA,not estimable (k < 3)
c1_cmv / CNI_MTX_MMF,7,0.942121359069319,0.6677308294473933,1.413076436972697,0.18921567,0,NA
"c1_cmv interaction: PTCy effect, CNI_MMF vs CNI+MTX",19,0.7742871070208259,0.2745232111632341,2.5156229266326786,0.438967425,0,ratio of odds ratios; 1 = same PTCy effect across backbones
"c1_cmv interaction: PTCy effect, CNI_MTX_MMF vs CNI+MTX",19,0.695375264899305,0.3827064885471608,1.5133089626723186,0.438967425,0,ratio of odds ratios; 1 = same PTCy effect across backbones
c2_agvhd excluding PTCy+ATG-arm studies,6,0.5851183413711776,0.2283307652172095,1.394109296117534,0.70732414,0,NA
c2_cmv excluding PTCy+ATG-arm studies,11,0.7971732086957031,0.4528860647737632,1.361822430990465,0.698449435,0,NA
c2_os excluding PTCy+ATG-arm studies,9,0.7471827121372886,0.4278834522125634,1.2844432531274514,0.50377308,0,NA
