outcome,analysis,k,n_excluded_missing,or_med,or_lo,or_hi,beta_dhaplo,beta_dhaplo_lo,beta_dhaplo_hi,divergences,tau_slope,note
c1_os,M1 + delta-haplo meta-regression,29,0,0.737431910434071,0.5863373694568031,0.9037313937197888,0.0048207827,-6.70249067e-4,0.010336963675,0,NA,NA
c1_os,M1 donor-matched (|delta| <= 15pp),21,0,0.5788686319362881,0.4096520254978715,0.7843624880065141,NA,NA,NA,0,0.528621155,NA
c1_rrm,M1 + delta-haplo meta-regression,34,0,0.866280014764209,0.7575376887214439,0.987999880905883,8.030144249999999e-4,-0.003306741695,0.004766598249999999,0,NA,NA
c1_rrm,M1 donor-matched (|delta| <= 15pp),18,0,0.8670312058062652,0.674030834418815,1.1010384398271795,NA,NA,NA,0,0.158940225,NA
c1_agvhd,M1 + delta-haplo meta-regression,28,0,0.5899528916126489,0.4432517175008376,0.7704552063105506,0.0063714122,4.984362422500002e-4,0.012379551325,0,NA,NA
c1_agvhd,M1 donor-matched (|delta| <= 15pp),17,0,0.5012358055947193,0.33564460321504924,0.7413488399311411,NA,NA,NA,0,0.5609848850000001,NA
c1_cmv,M1 + delta-haplo meta-regression,21,0,1.2052986698664097,0.8650779067003079,1.6539539078008623,5.005788500000001e-4,-0.0080236144825,0.008513772749999997,0,NA,NA
c1_cmv,M1 donor-matched (|delta| <= 15pp),15,0,1.0120106606701933,0.6765114074156169,1.4978520756211977,NA,NA,NA,0,0.5561194549999999,NA
c1_nrm,M1 + delta-haplo meta-regression,11,0,0.8477152370318067,0.48379083053180666,1.274515836669414,0.00183000535,-0.0093195602925,0.013931709674999994,0,NA,NA
c1_nrm,M1 donor-matched (|delta| <= 15pp),8,0,0.5824763943627592,0.20888658654903677,1.2802899798123772,NA,NA,NA,0,0.666849005,NA
