slug,model,key,k,reported_or,reported_lo,reported_hi,reported_tau,fe_or,fe_lo,fe_hi,fe_tau,abs_log_or_shift
c1_os,m1,c1_os_m1,35,0.761,0.615,0.926,0.442,0.766,0.624,0.928,0.428,0.006
c1_os,m2_steroid,c1_os_m2,28,0.964,0.719,1.276,0.463,0.858,0.605,1.173,0.46,0.117
c1_rrm,m1,c1_rrm_m1,34,0.866,0.761,0.987,0.078,0.857,0.747,0.984,0.09,0.01
c1_rrm,m2_steroid,c1_rrm_m2,27,0.851,0.711,1.023,0.101,0.791,0.65,0.952,0.108,0.072
c1_irm,m1,c1_irm_m1,13,1.033,0.68,1.493,0.482,1.005,0.65,1.481,0.505,0.027
c1_cgvhd_ms,m1,c1_cgvhd_m1,19,0.396,0.222,0.679,0.961,0.377,0.205,0.66,1.021,0.048
c1_cgvhd_any,m1,c1_cgvhdany_m1,8,0.245,0.138,0.427,0.561,0.238,0.133,0.418,0.568,0.028
c1_nrm,m1,c1_nrm_m1,12,0.81,0.456,1.219,0.412,0.807,0.487,1.179,0.287,0.004
c1_nrm,m2_steroid,c1_nrm_m2,9,0.814,0.273,1.573,0.392,0.611,0.14,1.408,0.535,0.287
c1_agvhd,m1,c1_agvhd_m1,28,0.583,0.435,0.768,0.542,0.586,0.435,0.771,0.577,0.006
c1_cmv,m1,c1_cmv_m1,22,1.224,0.901,1.652,0.532,1.238,0.904,1.683,0.537,0.011
c1_cmv,m2_steroid,c1_cmv_m2,18,1.245,0.872,1.748,0.387,1.207,0.799,1.742,0.42,0.031
c1_bsi,m1,c1_bsi_m1,6,1.424,0.569,2.98,0.715,1.314,0.493,2.855,0.771,0.08
c1_ifi_any,m1,c1_ifi_m1,6,0.63,0.19,2.617,1.285,0.536,0.159,1.853,1.182,0.162
c1_bk,m1,c1_bk_m1,11,2.389,1.482,3.663,0.361,2.33,1.461,3.569,0.341,0.025
c2_os,m1,c2_os_m1,9,0.75,0.418,1.314,0.681,0.728,0.381,1.292,0.728,0.03
c2_os,m2_steroid,c2_os_m2,8,0.895,0.451,1.744,0.602,0.907,0.416,1.748,0.615,0.013
c2_agvhd,m1,c2_agvhd_m1,8,0.509,0.239,1.021,0.815,0.502,0.239,1.001,0.789,0.015
c2_cmv,m1,c2_cmv_m1,12,0.861,0.502,1.417,0.681,0.839,0.485,1.425,0.727,0.026
c2_cmv,m2_steroid,c2_cmv_m2,12,0.869,0.47,1.501,0.709,0.89,0.471,1.625,0.737,0.023
c2_rrm,m1,c2_rrm_m1,10,0.781,0.548,1.023,0.185,0.748,0.447,1.086,0.408,0.044
c2_bk,m1,c2_bk_m1,3,2.493,1.09,6.034,0.325,2.412,0.966,5.908,0.337,0.033
c2_irm,m1,c2_irm_m1,7,0.977,0.626,1.829,0.392,0.978,0.601,1.847,0.449,0.001
c2_cgvhd_ms,m1,c2_cgvhd_m1,6,0.689,0.255,1.574,0.743,0.684,0.249,1.502,0.702,0.008
c3_os,m1,c3_os_m1,6,0.916,0.43,1.633,0.558,0.889,0.392,1.568,0.545,0.03
c3_agvhd,m1,c3_agvhd_m1,7,0.435,0.131,1.21,1.099,0.452,0.127,1.186,1.067,0.039
c3_nrm,m1,c3_nrm_m1,5,0.51,0.16,1.586,1.013,0.476,0.135,1.503,1.003,0.07
c3_rrm,m1,c3_rrm_m1,6,0.783,0.352,1.729,0.451,0.678,0.285,1.39,0.413,0.144
c3_cgvhd,m1,c3_cgvhd_m1,4,0.53,0.154,1.504,0.719,0.504,0.139,1.37,0.721,0.05
