slug,source,k,freq_or,freq_lo,freq_hi,I2,tau_freq,Q_p
c1_os,ptcy-infection data/models,29,0.7473965945246092,0.6137097286048743,0.910205009747578,65.65681994876877,0.3919495833882008,3.975404920998539e-5
c2_os,ptcy-infection data/models,6,0.7366281946486154,0.4816831027627932,1.126510550274574,89.54232208700347,0.4520969507908878,2.6026624051700033e-6
c3_os,ptcy-infection data/models,5,1.0845935988373507,0.7145714060858009,1.6462221474584282,71.17932951099496,0.34316956493264494,0.0038374285623647315
c1_nrm,ptcy-infection data/models,11,0.9358764515398856,0.6915748418684725,1.2664785928020565,8.327911975274198e-4,0.0015746911032950485,0.3999064626303669
c3_nrm,ptcy-infection data/models,3,0.46446764860919804,0.10779271996152354,2.0013429170500765,90.98150679111443,1.1840129220872548,9.960535263203994e-7
c1_rrm,ptcy-infection data/models,34,0.8595756387841409,0.7618077350154603,0.9698907543596536,0,0,0.4783104349281218
c2_rrm,post_block9,10,0.7752236159276141,0.5737344833370019,1.0474734779692234,57.0224977716539,0.2959984368075152,0.017997310764416737
c3_rrm,post_block9,6,0.7524178541276952,0.4386457235446475,1.2906375163885575,6.971755977794124,0.20001147989433907,0.55796425749766565
c1_agvhd,ptcy-infection data/models,28,0.6085577470297594,0.46646119272036696,0.7939407120024852,62.06841727486705,0.5256999151790474,5.1903749317046644e-5
c2_agvhd,ptcy-infection data/models,7,0.5352408179859757,0.27088808446504953,1.0575686036690874,77.04427356334779,0.7759899145820103,4.059047622626761e-5
c3_agvhd,ptcy-infection data/models,5,0.3552010166557698,0.11216016280978466,1.1248892572246316,84.87128449280738,1.0580650361391293,7.744614764401561e-8
c1_cgvhd_ms,ptcy-infection data/models,18,0.423354634500647,0.2879154220693107,0.6225062390372061,59.485596869570784,0.5824848858633942,4.92432597783663e-4
c2_cgvhd_ms,post_block9,6,0.7665686601585905,0.4044425920435276,1.4529318185016824,59.67985180509168,0.5741171073390605,0.02814222688965348
c1_cgvhd_any,post_block9,8,0.24495567299824794,0.1506285142229452,0.3983527424642438,62.85791283894833,0.5134225936781276,7.805363531683039e-4
c3_cgvhd,ptcy-infection data/models,3,0.5160292301586248,0.15749917425697738,1.690714682374318,58.709534935789584,0.8058041052838869,0.07971760567702205
c1_cmv,ptcy-infection data/models,21,1.228148906108734,0.9071876495231348,1.662665641853642,63.122729792985616,0.5248014649696946,1.4343861176136607e-5
c2_cmv,ptcy-infection data/models,12,0.8279625497473325,0.5141314953230468,1.3333592476247085,69.24780690944488,0.661340738967399,2.6298877147400173e-4
c1_bsi,ptcy-infection data/models,4,2.3917917060031515,1.6362536399202678,3.496198526521979,0,0,0.5700617244934557
c1_ifi_any,ptcy-infection data/models,6,0.6048510819062879,0.2101370215473141,1.7409822818909324,80.48541346446117,1.1051332295755605,5.379458128184451e-4
c1_bk,ptcy-infection data/models,11,2.361399259144682,1.6303461780096054,3.4202591672258946,17.43281938154994,0.2567733854935007,0.22938939453032997
c2_bk,post_block9,3,2.4438527733900415,1.4146224340075555,4.221915498036204,0,0,0.7723959555632444
c1_irm,ptcy-infection data/models,13,1.025310992772576,0.7181717599199828,1.4638039123362567,57.242041960345944,0.44783788436283883,0.006785060931146491
c2_irm,post_block9,7,0.9319775981250766,0.6646383227360478,1.3068494754130098,38.59499255046535,0.2517628327543801,0.10521045787862887
