comp,study_id,timepoint,hr_adjusted,orient,hr_value,hr_ci_lower,hr_ci_upper
C1,8,D+730_2yr,adjusted,ptcy_vs_comp,1.12,0.89,1.41
C1,20,D+365_1yr,adjusted,ptcy_vs_comp,0.46,0.11,1.88
C1,52,D+730_2yr,adjusted,comp_vs_ptcy,1.66,1.08,2.55
C1,65,D+730_2yr,adjusted,ptcy_vs_comp,0.342,0.18,0.56
C2,66,D+365_1yr,adjusted,ptcy_vs_comp,0.4,0.18,0.9
C1,144,D+730_2yr,unadjusted,ptcy_vs_comp,1.19,0.39,3.63
C1,261,D+730_2yr,adjusted,ptcy_vs_comp,2.6,1.3,5.2
C1,263,D+730_2yr,adjusted,comp_vs_ptcy,0.83,0.63,1.11
C1,271,D+365_1yr,adjusted,comp_vs_ptcy,0.85,0.62,1.18
C2,277,D+730_2yr,adjusted,comp_vs_ptcy,1.67,1.22,2.38
C1,296,D+730_2yr,adjusted,ptcy_vs_comp,0.89,0.69,1.15
C2,299,D+730_2yr,adjusted,ptcy_vs_comp,0.24,0.07,0.84
C2,307,D+730_2yr,adjusted,ptcy_vs_comp,0.82,0.72,0.92
C1,338,D+730_2yr,adjusted,ptcy_vs_comp,0.54,0.3,0.94
C1,357,D+365_1yr,adjusted,ptcy_vs_comp,0.84,0.41,1.71
C1,390,D+730_2yr,adjusted,ptcy_vs_comp,0.47,0.22,1.01
C1,399,D+730_2yr,adjusted,comp_vs_ptcy,1.08,0.82,1.42
C1,407,D+730_2yr,adjusted,ptcy_vs_comp,1.12,0.74,1.68
