outcome,model,k,n_total,or_med,or_lo,or_hi,tau_slope,divergences
C1 Overall survival,M1 full set,29,9295,0.729,0.581,0.89,0.423,0
C1 Overall survival,M1 matched set,24,6326,0.7458537526717897,0.5697868184194824,0.9526577059019469,0.473320615,0
C1 Overall survival,M2,24,6326,0.953,0.696,1.289,0.458,0
C1 Relapse-related mortality,M1 full set,34,11121,0.8660550321325168,0.7596345398897982,0.9912803136672296,0.079542631,0
C1 Relapse-related mortality,M1 matched set,27,7773,0.8683404610451733,0.738133631487344,1.020928630811961,0.10820797,0
C1 Relapse-related mortality,M2,27,7773,0.8508586442627796,0.7093220672571156,1.0224718914057782,0.104141785,0
C1 Non-relapse mortality,M1 full set,11,1231,0.842,0.477,1.285,0.393,0
C1 Non-relapse mortality,M1 matched set,9,991,0.7356466198738357,0.359491136392705,1.1680340329404157,0.36624138500000003,1
C1 Non-relapse mortality,M2,9,991,0.804,0.272,1.551,0.387,0
C1 CMV reactivation,M1 full set,21,3131,1.201,0.869,1.647,0.557,0
C1 CMV reactivation,M1 matched set,17,2128,1.0893826841679695,0.7755972724189842,1.4944710543083315,0.433071385,0
C1 CMV reactivation,M2,17,2128,1.203,0.815,1.732,0.42,0
C2 Overall survival,M1 full set,6,12325,0.751,0.426,1.279,0.507,0
C2 Overall survival,M1 matched set,5,9963,0.6625448800569945,0.34561862114884845,1.2484842160673115,0.501068795,1
C2 Overall survival,M2,5,9963,0.703,0.294,2.099,0.562,0
C2 CMV reactivation,M1 full set,12,1511,0.8595006358462937,0.5085594446303261,1.422423774422285,0.67981346,0
C2 CMV reactivation,M1 matched set,12,1511,0.8595390731671599,0.5058408732670515,1.4309992373931653,0.68617773,0
C2 CMV reactivation,M2,12,1511,0.8663475099720479,0.463808209678353,1.5124311047806611,0.705375335,0
