key,k,n_total,or_med,or_lo,or_hi,tau_slope,pi_low,pi_high,max_rhat,divergences
c1_os_m1,29,9295,0.7294668238395394,0.5814808024903774,0.8901042963160207,0.42324456499999996,0.29011932679651803,1.8200846659229535,1.0015393701125794,0
c1_os_m2,24,6326,0.9529022651680232,0.6958717777292589,1.2894313808006133,0.45775231,0.33987320737005866,2.7009620516197934,1.0005469449317785,0
c2_os_m1,6,12325,0.7506987721748715,0.4256826719123261,1.2789980466320257,0.5073127,0.18829016974860333,2.9250240947762784,1.001126396176252,0
c2_os_m2,5,9963,0.7033917698104015,0.29441359715595006,2.098760934505083,0.5624539,0.12773402350671992,4.867575355083565,1.000945125685531,0
c3_os_m1,6,4713,1.0411530734287702,0.466796208446458,1.8807869260877335,0.488333805,0.1883877687797683,4.260624232954094,1.0007560958308586,0
c1_nrm_m1,11,1231,0.8419634410093757,0.4766573193359452,1.2851193295875847,0.393227915,0.19635944634183725,2.7184970682271627,1.0008572061534668,0
c1_nrm_m2,9,991,0.8042849839188252,0.27220147627828745,1.5509612774150079,0.38660461999999995,0.12580479211888632,3.0138401495026557,1.0016729832576177,0
c3_nrm_m1,3,2405,0.546740506140725,0.1132568744520441,2.442761978886517,1.0865890999999999,0.023306219574666838,13.247317524017626,1.0005511918810472,0
c1_cgvhd_m1,18,2762,0.4114344054934228,0.23402842170187732,0.7233262955694053,0.96967108,0.049765437979439796,3.462452396463753,1.000784877410715,0
c3_cgvhd_m1,3,325,0.6052187447544055,0.15344813101908078,2.29793006265556,0.79501054,0.041586947313374895,10.607672229777148,1.0009605700488167,0
c1_cmv_m1,21,3131,1.2014896236617938,0.8685262320576274,1.647218217810978,0.55688391,0.3546749747977543,4.135756281651817,1.0006527888722894,0
c1_cmv_m2,17,2128,1.202839378404084,0.8145322885133511,1.7319268107869028,0.41994808,0.42354976984695947,3.300398533969455,1.0009877432854195,0
c2_agvhd_m1,7,983,0.5325636704235148,0.2324549783300417,1.1696130464291172,0.864760775,0.05997398963400758,4.319321144404975,1.0008276886169356,0
c3_agvhd_m1,5,2326,0.3097260925530195,0.06366149651529665,1.4628446265135784,1.4298737,0.0053966062219048426,17.785569389731318,1.0010057076929186,0
