slug,model,k,n_total,or_median,ci_low,ci_high,tau,source,pi_low,pi_high
c1_os,m1,34,9836,0.7595024510035532,0.6125826357891843,0.9340387114804606,0.4560105989302211,random-slope refit 2026-09-30,0.28182087746026996,1.9743559498393304
c1_os,m2_steroid,27,6728,0.9534185196764008,0.6981843901664454,1.274098189621926,0.49021801271129434,random-slope refit 2026-09-30,0.3260703528789896,2.802045933498286
c1_rrm,m1,34,11121,0.8657314947919377,0.7607148257479844,0.9865002083498396,0.0783676150493029,random-slope refit 2026-09-30,0.6439724109296604,1.162513407547168
c1_rrm,m2_steroid,27,7773,0.8505549080327522,0.7107492025401603,1.0226011210696055,0.10122428209644067,random-slope refit 2026-09-30,0.5745835020706983,1.288028592454317
c1_irm,m1,13,5504,1.032727252188594,0.6798087880224807,1.492854494203591,0.481757027421752,random-slope refit 2026-09-30,0.30326213112597916,3.324758521436906
c1_cgvhd_ms,m1,19,2840,0.3959338038668009,0.22177256577099755,0.6792593076117632,0.9607569464568316,random-slope refit 2026-09-30,0.04409010029139405,3.3533406168119373
c1_cgvhd_any,m1,8,1732,0.24459745414468492,0.13849224103479296,0.4273986748520656,0.560718403437596,random-slope refit 2026-09-30,0.05795453527614546,1.0531085954655064
c1_nrm,m1,12,1309,0.8095457194314823,0.45604716766257863,1.2188815241055797,0.4121903269329859,random-slope refit 2026-09-30,0.1857729003062084,2.6062412472587244
c1_nrm,m2_steroid,9,991,0.8138883024974479,0.2731305420710526,1.57291755353357,0.39212646581952215,random-slope refit 2026-09-30,0.1251857363753126,3.0733722317116103
c1_agvhd,m1,28,4197,0.5830490537814371,0.43513263033627575,0.7675144434215925,0.5423515099453926,random-slope refit 2026-09-30,0.17953504242106272,1.9124495779177697
c1_cmv,m1,22,3328,1.2243849706346324,0.9007454972559376,1.6521723850759464,0.5317677817101472,random-slope refit 2026-09-30,0.3722838711083275,3.85436358121554
c1_cmv,m2_steroid,18,2325,1.2450273829133602,0.872315978360296,1.7482249637940537,0.38713707421330096,random-slope refit 2026-09-30,0.463465307641813,3.2643217890388185
c1_bsi,m1,6,806,1.4239228776210964,0.5693880258731361,2.979545477631851,0.7147842342106128,random-slope refit 2026-09-30,0.1737216977453023,9.531992948267604
c1_ifi_any,m1,6,2243,0.6303956444755281,0.19002757005842885,2.617147883183291,1.2848711283925058,random-slope refit 2026-09-30,0.02510006784329028,22.51797403598474
c1_bk,m1,11,1333,2.3887595843110256,1.481790968958605,3.662650155102053,0.36071019005215527,random-slope refit 2026-09-30,0.7426381310009534,7.151384329912079
c2_os,m1,9,12791,0.7496823705712443,0.4182762712591089,1.3136026792040862,0.681168581448469,random-slope refit 2026-09-30,0.14544979000532868,3.7758786217542513
c2_os,m2_steroid,8,10429,0.89504258709178,0.4511061281102284,1.7443461668529647,0.6017312624282162,random-slope refit 2026-09-30,0.1744160359007897,4.404477927703111
c2_agvhd,m1,8,1039,0.5093835970715075,0.23871066697942192,1.0208779249896154,0.814785558368972,random-slope refit 2026-09-30,0.06661833388221765,3.4018575293700373
c2_cmv,m1,12,1511,0.8607704839551117,0.5022852722734121,1.4171461695592338,0.6807697463320543,random-slope refit 2026-09-30,0.1708852282354844,4.225998710541968
c2_cmv,m2_steroid,12,1511,0.8693519027060006,0.47021165751783023,1.500899794792952,0.7093083141473783,random-slope refit 2026-09-30,0.15322775694853427,4.6168492415293665
c2_rrm,m1,10,17182,0.7811871679416194,0.5479102312612129,1.0227094577956153,0.1853641707199182,random-slope refit 2026-09-30,0.3390540380150293,1.630983922693318
c2_bk,m1,3,313,2.4933840777176695,1.0897907410346817,6.0342402410748415,0.3251435281343499,random-slope refit 2026-09-30,0.5345588887844199,11.948325002759423
c2_irm,m1,7,13346,0.9766446617768556,0.6256277378514662,1.8293111349198188,0.3923854057916926,random-slope refit 2026-09-30,0.31566197495227255,3.7752531132413054
c2_cgvhd_ms,m1,6,905,0.6892941622755691,0.25456350738742867,1.574241262634789,0.7428142270509908,random-slope refit 2026-09-30,0.06843701355566564,5.618376070035307
c3_os,m1,6,4746,0.9157751633792272,0.4300714525523884,1.633201747069547,0.5576811536721512,random-slope refit 2026-09-30,0.16974237561456523,3.992671713956331
c3_agvhd,m1,7,2450,0.4346946513617271,0.1309941233839604,1.2101786310907523,1.0990167526203805,random-slope refit 2026-09-30,0.02167801775358082,7.27383586851387
c3_nrm,m1,5,2529,0.5103774714314678,0.15953703573548203,1.585853395201965,1.0126828995094403,random-slope refit 2026-09-30,0.03322735149107073,7.648640449905626
c3_rrm,m1,6,692,0.7827658225751744,0.3518956884517929,1.7294525855860174,0.45149439401693137,random-slope refit 2026-09-30,0.14902138426263947,4.103241746749223
c3_cgvhd,m1,4,383,0.5303331720196235,0.15358413373537033,1.5040851960783852,0.7187802129054752,random-slope refit 2026-09-30,0.04538676497833846,4.945693168219342
