key,k_full,k_restricted,or_med,or_lo,or_hi,tau,divergences,note,slug,full_or,full_lo,full_hi
c1_agvhd,28,27,0.5624857435921566,0.41830981450946136,0.7339638800686368,0.52782283,0,NA,c1_agvhd,0.5817457922660036,0.4355455296326114,0.7587812817876203
c1_cmv,22,5,1.1089942517711036,0.7108045455573315,1.8451558477760226,0.24948325,0,NA,c1_cmv,1.2311452084872148,0.9025907866788232,1.6559680240111678
c1_bsi,6,4,2.1663730357742272,0.8790081015157108,4.334940187408883,0.42751766,0,NA,c1_bsi,1.4220858763100597,0.5759982057707955,2.9866299379689707
c1_ifi,6,4,0.43766867485161354,0.16611790853740974,1.4043659237073312,0.81638396,0,NA,c1_ifi_any,0.628280055161438,0.1944941143571756,2.436543568441479
c1_bk,11,8,2.9595882384295553,1.570030856446315,5.0633906907521595,0.31440035499999996,0,NA,c1_bk,2.38941749429412,1.4122160523191911,3.727861025276467
c1_nrm,12,8,0.8043078301938861,0.35387103613805443,1.495403575455104,0.640691525,0,NA,c1_nrm,0.8098367903648781,0.45519382014138454,1.1920210123823876
c1_os,34,10,0.7961834991741319,0.4642374811909881,1.278627779479921,0.63576254,0,NA,c1_os,0.7761673304665212,0.6275769108143974,0.9483240642343104
c1_cgvhd,19,10,0.3292801733792924,0.17413248832412104,0.5529345673956165,0.606735485,0,NA,c1_cgvhd_ms,0.41206655559608785,0.23332510750012225,0.7163741946948968
c1_rrm,34,3,0.7745536952082432,0.3055424731177691,2.527471357283664,0.41526232,0,NA,c1_rrm,0.8660550321325168,0.7596345398897982,0.9912803136672296
c2_os,9,2,NA,NA,NA,NA,NA,too few studies to refit,c2_os,0.8869312039966182,0.48074569971355624,1.659582560271171
c3_os,6,2,NA,NA,NA,NA,NA,too few studies to refit,c3_os,0.920106500828521,0.4200341290427001,1.6053684095140135
c3_nrm,5,3,0.515800730813187,0.1229367498159118,2.2684688848452197,1.09743035,2,NA,c3_nrm,0.48096183299356454,0.1392201267543525,1.7117461821690243
