key,b_early_med,b_early_lo,b_early_hi,pr_same_dir
c1_os_m1,0.36891033,-0.1300750095,0.86462492375,0.9281666666666667
c1_rrm_m1,0.806199865,0.09897860305000003,1.5009192199999999,0.9883333333333333
c1_irm_m1,0.0218906905,-1.1291830575,1.1159123824999995,0.5161666666666667
c1_cgvhd_m1,-0.26405089000000004,-1.10868556,0.51560892275,0.24241666666666667
c1_nrm_m1,0.0375324015,-0.911584871,0.88033812675,0.5390833333333334
c1_agvhd_m1,0.85111733,-0.5811808437499999,2.2733992699999996,0.87975
c1_cmv_m1,-0.26752995,-1.0679137625,0.5069116297499999,0.24025
c1_bsi_m1,0.09983499700000001,-2.0299941425,2.1931283149999996,0.5436666666666666
c1_ifi_m1,0.017079105,-4.867466765,4.991823794999996,0.5025
c1_bk_m1,0.42155953999999995,-1.0689044049999998,1.9703381799999993,0.72675
c2_os_m1,0.85036901,-0.890313028,2.4286936399999997,0.8653333333333333
c2_agvhd_m1,-0.120038465,-1.4914169375000002,1.2154359825,0.42883333333333334
c2_cmv_m1,-0.0898229675,-1.197117245,0.9250216712499999,0.4240833333333333
c2_nrm_m1,0.00670326035,-4.905352099999999,4.937606089999999,0.5011666666666666
c2_rrm_m1,-0.016317474499999998,-4.80912466,4.808384397499998,0.4965833333333333
c2_bk_m1,0.189532695,-1.4637308549999999,1.76983458,0.6410833333333333
c2_irm_m1,0.43914577,-1.3023418475,2.131606145,0.7225833333333334
c2_cgvhd_m1,-0.44343553,-2.418788445,1.8298903899999985,0.32558333333333334
c3_os_m1,1.2181202500000001,-0.607273124,2.9597993799999998,0.9205833333333333
c3_agvhd_m1,-0.204270645,-1.2722297375000002,1.0458161974999993,0.334
c3_nrm_m1,-0.291036855,-1.9030556099999998,1.3980817074999994,0.32908333333333334
c3_rrm_m1,1.2387229,-0.03506144524999997,2.6815722524999988,0.97175
c3_cgvhd_m1,-0.698890145,-1.9389993824999998,0.496505506499999,0.09416666666666666
