level,file,study_id,timepoint,issue,detail
analytic,C1_cGVHD_moderate_severe_NIH.csv,37,D+365_1yr,event count tracks CIF despite >1.5pp divergence from crude proportion,ptcy 4/40 (crude 10% vs CIF 9%); comp 8/25 (crude 32% vs CIF 30.1%)
analytic,C1_overall_mortality_OS_event.csv,20,D+365_1yr,event count tracks CIF despite >1.5pp divergence from crude proportion,ptcy 4/26 (crude 15.4% vs CIF 17.1%); comp 11/52 (crude 21.2% vs CIF 21.2%)
analytic,C1_overall_mortality_OS_event.csv,180,D+365_1yr,event count tracks CIF despite >1.5pp divergence from crude proportion,ptcy 6/29 (crude 20.7% vs CIF 19%); comp 26/87 (crude 29.9% vs CIF 30.3%)
analytic,C1_overall_mortality_OS_event.csv,442,D+730_2yr,event count tracks CIF despite >1.5pp divergence from crude proportion,ptcy 22/39 (crude 56.4% vs CIF 57%); comp 4/17 (crude 23.5% vs CIF 26%)
analytic,C2_cGVHD_moderate_severe_NIH.csv,299,D+730_2yr,event count tracks CIF despite >1.5pp divergence from crude proportion,ptcy 4/22 (crude 18.2% vs CIF 20%); comp 10/40 (crude 25% vs CIF 26%)
analytic,C2_overall_mortality_OS_event.csv,254,D+365_1yr,event count tracks CIF despite >1.5pp divergence from crude proportion,ptcy 7/25 (crude 28% vs CIF 29.75%); comp 22/51 (crude 43.1% vs CIF 43.14%)
analytic,C2_overall_mortality_OS_event.csv,353,D+730_2yr,event count tracks CIF despite >1.5pp divergence from crude proportion,ptcy 9/24 (crude 37.5% vs CIF 39%); comp 9/16 (crude 56.2% vs CIF 58%)
analytic,C3_cGVHD_moderate_severe_NIH.csv,253,D+365_1yr,event count tracks CIF despite >1.5pp divergence from crude proportion,ptcy 24/65 (crude 36.9% vs CIF 36.5%); comp 5/24 (crude 20.8% vs CIF 18.9%)
analytic,C3_cGVHD_moderate_severe_NIH.csv,397,D+365_1yr,event count tracks CIF despite >1.5pp divergence from crude proportion,ptcy 10/44 (crude 22.7% vs CIF 23.2%); comp 3/22 (crude 13.6% vs CIF 15.6%)
analytic,C3_cGVHD_moderate_severe_NIH.csv,460,D+365_1yr,event count tracks CIF despite >1.5pp divergence from crude proportion,ptcy 3/31 (crude 9.7% vs CIF 11.2%); comp 14/36 (crude 38.9% vs CIF 40.1%)
analytic,C3_overall_mortality_OS_event.csv,253,D+365_1yr,event count tracks CIF despite >1.5pp divergence from crude proportion,ptcy 21/65 (crude 32.3% vs CIF 32.6%); comp 7/24 (crude 29.2% vs CIF 31.1%)
analytic,C3_overall_mortality_OS_event.csv,418,D+730_2yr,event count tracks CIF despite >1.5pp divergence from crude proportion,ptcy 10/33 (crude 30.3% vs CIF 32%); comp 14/25 (crude 56% vs CIF 48%)
analytic,C1_aGVHD_grade_II_IV.csv,2,D+100,"event count back-derived from cumulative incidence (CIF x N), no source event count",ptcy_e=112 src=NR; comp_e=110 src=NR
analytic,C1_aGVHD_grade_II_IV.csv,7,D+100,"event count back-derived from cumulative incidence (CIF x N), no source event count",ptcy_e=16 src=NR; comp_e=56 src=NR
analytic,C1_aGVHD_grade_II_IV.csv,9,D+100,"event count back-derived from cumulative incidence (CIF x N), no source event count",ptcy_e=48 src=NR; comp_e=46 src=NR
analytic,C1_aGVHD_grade_II_IV.csv,50,D+100,"event count back-derived from cumulative incidence (CIF x N), no source event count",ptcy_e=27 src=NR; comp_e=23 src=NR
analytic,C1_aGVHD_grade_II_IV.csv,51,D+100,"event count back-derived from cumulative incidence (CIF x N), no source event count",ptcy_e=27 src=NR; comp_e=23 src=NR
analytic,C1_aGVHD_grade_II_IV.csv,57,D+100,"event count back-derived from cumulative incidence (CIF x N), no source event count",ptcy_e=109 src=NR; comp_e=447 src=NR
analytic,C1_aGVHD_grade_II_IV.csv,65,D+100,"event count back-derived from cumulative incidence (CIF x N), no source event count",ptcy_e=3 src=NR; comp_e=15 src=NR
analytic,C1_aGVHD_grade_II_IV.csv,71,D+100,"event count back-derived from cumulative incidence (CIF x N), no source event count",ptcy_e=7 src=NR; comp_e=10 src=NR
analytic,C1_aGVHD_grade_II_IV.csv,77,D+100,"event count back-derived from cumulative incidence (CIF x N), no source event count",ptcy_e=56 src=NR; comp_e=340 src=NR
analytic,C1_aGVHD_grade_II_IV.csv,110,D+100,"event count back-derived from cumulative incidence (CIF x N), no source event count",ptcy_e=12 src=NR; comp_e=12 src=NR
analytic,C1_aGVHD_grade_II_IV.csv,111,D+100,"event count back-derived from cumulative incidence (CIF x N), no source event count",ptcy_e=12 src=NR; comp_e=85 src=NR
analytic,C1_aGVHD_grade_II_IV.csv,112,D+100,"event count back-derived from cumulative incidence (CIF x N), no source event count",ptcy_e=86 src=NR; comp_e=274 src=NR
analytic,C1_aGVHD_grade_II_IV.csv,144,D+100,"event count back-derived from cumulative incidence (CIF x N), no source event count",ptcy_e=25 src=NR; comp_e=9 src=NR
analytic,C1_aGVHD_grade_II_IV.csv,167,D+100,"event count back-derived from cumulative incidence (CIF x N), no source event count",ptcy_e=2 src=NR; comp_e=8 src=NR
analytic,C1_aGVHD_grade_II_IV.csv,168,D+100,"event count back-derived from cumulative incidence (CIF x N), no source event count",ptcy_e=74 src=NR; comp_e=259 src=NR
analytic,C1_aGVHD_grade_II_IV.csv,170,D+100,"event count back-derived from cumulative incidence (CIF x N), no source event count",ptcy_e=301 src=NR; comp_e=1188 src=NR
analytic,C1_aGVHD_grade_II_IV.csv,183,D+100,"event count back-derived from cumulative incidence (CIF x N), no source event count",ptcy_e=34 src=NR; comp_e=33 src=NR
analytic,C1_aGVHD_grade_II_IV.csv,196,D+100,"event count back-derived from cumulative incidence (CIF x N), no source event count",ptcy_e=13 src=NR; comp_e=37 src=NR
analytic,C1_aGVHD_grade_II_IV.csv,217,D+100,"event count back-derived from cumulative incidence (CIF x N), no source event count",ptcy_e=32 src=NR; comp_e=NA src=NR
analytic,C1_aGVHD_grade_II_IV.csv,221,D+100,"event count back-derived from cumulative incidence (CIF x N), no source event count",ptcy_e=97 src=NR; comp_e=67 src=NR
analytic,C1_aGVHD_grade_II_IV.csv,226,D+100,"event count back-derived from cumulative incidence (CIF x N), no source event count",ptcy_e=41 src=NR; comp_e=34 src=NR
analytic,C1_aGVHD_grade_II_IV.csv,232,D+100,"event count back-derived from cumulative incidence (CIF x N), no source event count",ptcy_e=156 src=NR; comp_e=321 src=NR
analytic,C1_aGVHD_grade_II_IV.csv,238,D+100,"event count back-derived from cumulative incidence (CIF x N), no source event count",ptcy_e=21 src=NR; comp_e=93 src=NR
analytic,C1_aGVHD_grade_II_IV.csv,242,D+100,"event count back-derived from cumulative incidence (CIF x N), no source event count",ptcy_e=15 src=NR; comp_e=23 src=NR
analytic,C1_aGVHD_grade_II_IV.csv,245,D+100,"event count back-derived from cumulative incidence (CIF x N), no source event count",ptcy_e=30 src=NR; comp_e=50 src=NR
analytic,C1_aGVHD_grade_II_IV.csv,258,D+100,"event count back-derived from cumulative incidence (CIF x N), no source event count",ptcy_e=6 src=NR; comp_e=28 src=NR
analytic,C1_aGVHD_grade_II_IV.csv,260,D+100,"event count back-derived from cumulative incidence (CIF x N), no source event count",ptcy_e=6 src=NR; comp_e=54 src=NR
analytic,C1_aGVHD_grade_II_IV.csv,262,D+100,"event count back-derived from cumulative incidence (CIF x N), no source event count",ptcy_e=46 src=NR; comp_e=84 src=NR
analytic,C1_aGVHD_grade_II_IV.csv,263,D+100,"event count back-derived from cumulative incidence (CIF x N), no source event count",ptcy_e=119 src=NR; comp_e=66 src=NR
analytic,C1_aGVHD_grade_II_IV.csv,273,D+100,"event count back-derived from cumulative incidence (CIF x N), no source event count",ptcy_e=104 src=NR; comp_e=1121 src=NR
analytic,C1_aGVHD_grade_II_IV.csv,280,D+100,"event count back-derived from cumulative incidence (CIF x N), no source event count",ptcy_e=169 src=NR; comp_e=1598 src=NR
analytic,C1_aGVHD_grade_II_IV.csv,289,D+100,"event count back-derived from cumulative incidence (CIF x N), no source event count",ptcy_e=27 src=NR; comp_e=151 src=NR
analytic,C1_aGVHD_grade_II_IV.csv,296,D+100,"event count back-derived from cumulative incidence (CIF x N), no source event count",ptcy_e=50 src=NR; comp_e=248 src=NR
analytic,C1_aGVHD_grade_II_IV.csv,301,D+100,"event count back-derived from cumulative incidence (CIF x N), no source event count",ptcy_e=29 src=NR; comp_e=96 src=NR
analytic,C1_aGVHD_grade_II_IV.csv,302,D+100,"event count back-derived from cumulative incidence (CIF x N), no source event count",ptcy_e=15 src=NR; comp_e=58 src=NR
analytic,C1_aGVHD_grade_II_IV.csv,304,D+100,"event count back-derived from cumulative incidence (CIF x N), no source event count",ptcy_e=7 src=NR; comp_e=20 src=NR
analytic,C1_aGVHD_grade_II_IV.csv,305,D+100,"event count back-derived from cumulative incidence (CIF x N), no source event count",ptcy_e=26 src=NR; comp_e=31 src=NR
analytic,C1_aGVHD_grade_II_IV.csv,308,D+100,"event count back-derived from cumulative incidence (CIF x N), no source event count",ptcy_e=229 src=NR; comp_e=807 src=NR
analytic,C1_aGVHD_grade_II_IV.csv,311,D+100,"event count back-derived from cumulative incidence (CIF x N), no source event count",ptcy_e=86 src=NR; comp_e=537 src=NR
analytic,C1_aGVHD_grade_II_IV.csv,318,D+100,"event count back-derived from cumulative incidence (CIF x N), no source event count",ptcy_e=100 src=NR; comp_e=297 src=NR
analytic,C1_aGVHD_grade_II_IV.csv,326,D+100,"event count back-derived from cumulative incidence (CIF x N), no source event count",ptcy_e=35 src=NR; comp_e=73 src=NR
analytic,C1_aGVHD_grade_II_IV.csv,335,D+100,"event count back-derived from cumulative incidence (CIF x N), no source event count",ptcy_e=16 src=NR; comp_e=19 src=NR
analytic,C1_aGVHD_grade_II_IV.csv,336,D+100,"event count back-derived from cumulative incidence (CIF x N), no source event count",ptcy_e=21 src=NR; comp_e=84 src=NR
analytic,C1_aGVHD_grade_II_IV.csv,337,D+100,"event count back-derived from cumulative incidence (CIF x N), no source event count",ptcy_e=30 src=NR; comp_e=30 src=NR
analytic,C1_aGVHD_grade_II_IV.csv,343,D+100,"event count back-derived from cumulative incidence (CIF x N), no source event count",ptcy_e=64 src=NR; comp_e=NA src=NR
analytic,C1_aGVHD_grade_II_IV.csv,368,D+100,"event count back-derived from cumulative incidence (CIF x N), no source event count",ptcy_e=39 src=NR; comp_e=167 src=NR
analytic,C1_aGVHD_grade_II_IV.csv,371,D+100,"event count back-derived from cumulative incidence (CIF x N), no source event count",ptcy_e=8 src=NR; comp_e=47 src=NR
analytic,C1_aGVHD_grade_II_IV.csv,380,D+100,"event count back-derived from cumulative incidence (CIF x N), no source event count",ptcy_e=29 src=NR; comp_e=31 src=NR
analytic,C1_aGVHD_grade_II_IV.csv,390,D+100,"event count back-derived from cumulative incidence (CIF x N), no source event count",ptcy_e=30 src=NR; comp_e=45 src=NR
analytic,C1_aGVHD_grade_II_IV.csv,395,D+100,"event count back-derived from cumulative incidence (CIF x N), no source event count",ptcy_e=26 src=NR; comp_e=44 src=NR
analytic,C1_aGVHD_grade_II_IV.csv,396,D+100,"event count back-derived from cumulative incidence (CIF x N), no source event count",ptcy_e=35 src=NR; comp_e=66 src=NR
analytic,C1_aGVHD_grade_II_IV.csv,399,D+100,"event count back-derived from cumulative incidence (CIF x N), no source event count",ptcy_e=60 src=NR; comp_e=305 src=NR
analytic,C1_aGVHD_grade_II_IV.csv,407,D+100,"event count back-derived from cumulative incidence (CIF x N), no source event count",ptcy_e=43 src=NR; comp_e=43 src=NR
analytic,C1_aGVHD_grade_II_IV.csv,410,D+100,"event count back-derived from cumulative incidence (CIF x N), no source event count",ptcy_e=20 src=NR; comp_e=65 src=NR
analytic,C1_aGVHD_grade_II_IV.csv,419,D+100,"event count back-derived from cumulative incidence (CIF x N), no source event count",ptcy_e=20 src=NR; comp_e=127 src=NR
analytic,C1_aGVHD_grade_II_IV.csv,442,D+100,"event count back-derived from cumulative incidence (CIF x N), no source event count",ptcy_e=24 src=NR; comp_e=8 src=NR
analytic,C1_aGVHD_grade_II_IV.csv,19,D+180,"event count back-derived from cumulative incidence (CIF x N), no source event count",ptcy_e=61 src=NR; comp_e=134 src=NR
analytic,C1_aGVHD_grade_II_IV.csv,55,D+180,"event count back-derived from cumulative incidence (CIF x N), no source event count",ptcy_e=13 src=NR; comp_e=10 src=NR
analytic,C1_aGVHD_grade_II_IV.csv,72,D+180,"event count back-derived from cumulative incidence (CIF x N), no source event count",ptcy_e=25 src=NR; comp_e=67 src=NR
analytic,C1_aGVHD_grade_II_IV.csv,118,D+180,"event count back-derived from cumulative incidence (CIF x N), no source event count",ptcy_e=88 src=NR; comp_e=325 src=NR
analytic,C1_aGVHD_grade_II_IV.csv,120,D+180,"event count back-derived from cumulative incidence (CIF x N), no source event count",ptcy_e=42 src=NR; comp_e=157 src=NR
analytic,C1_aGVHD_grade_II_IV.csv,140,D+180,"event count back-derived from cumulative incidence (CIF x N), no source event count",ptcy_e=47 src=NR; comp_e=61 src=NR
analytic,C1_aGVHD_grade_II_IV.csv,184,D+180,"event count back-derived from cumulative incidence (CIF x N), no source event count",ptcy_e=8 src=NR; comp_e=5 src=NR
analytic,C1_aGVHD_grade_II_IV.csv,244,D+180,"event count back-derived from cumulative incidence (CIF x N), no source event count",ptcy_e=62 src=NR; comp_e=101 src=NR
analytic,C1_aGVHD_grade_II_IV.csv,276,D+180,"event count back-derived from cumulative incidence (CIF x N), no source event count",ptcy_e=150 src=NR; comp_e=546 src=NR
analytic,C1_aGVHD_grade_II_IV.csv,281,D+180,"event count back-derived from cumulative incidence (CIF x N), no source event count",ptcy_e=85 src=NR; comp_e=1152 src=NR
analytic,C1_aGVHD_grade_II_IV.csv,287,D+180,"event count back-derived from cumulative incidence (CIF x N), no source event count",ptcy_e=30 src=NR; comp_e=275 src=NR
analytic,C1_aGVHD_grade_II_IV.csv,323,D+180,"event count back-derived from cumulative incidence (CIF x N), no source event count",ptcy_e=16 src=NR; comp_e=18 src=NR
analytic,C1_aGVHD_grade_II_IV.csv,338,D+180,"event count back-derived from cumulative incidence (CIF x N), no source event count",ptcy_e=14 src=NR; comp_e=74 src=NR
analytic,C1_aGVHD_grade_II_IV.csv,340,D+180,"event count back-derived from cumulative incidence (CIF x N), no source event count",ptcy_e=265 src=NR; comp_e=1156 src=NR
analytic,C1_aGVHD_grade_III_IV.csv,2,D+100,"event count back-derived from cumulative incidence (CIF x N), no source event count",ptcy_e=13 src=NR; comp_e=31 src=NR
analytic,C1_aGVHD_grade_III_IV.csv,7,D+100,"event count back-derived from cumulative incidence (CIF x N), no source event count",ptcy_e=3 src=NR; comp_e=34 src=NR
analytic,C1_aGVHD_grade_III_IV.csv,9,D+100,"event count back-derived from cumulative incidence (CIF x N), no source event count",ptcy_e=13 src=NR; comp_e=17 src=NR
analytic,C1_aGVHD_grade_III_IV.csv,50,D+100,"event count back-derived from cumulative incidence (CIF x N), no source event count",ptcy_e=7 src=NR; comp_e=12 src=NR
analytic,C1_aGVHD_grade_III_IV.csv,51,D+100,"event count back-derived from cumulative incidence (CIF x N), no source event count",ptcy_e=7 src=NR; comp_e=12 src=NR
analytic,C1_aGVHD_grade_III_IV.csv,65,D+100,"event count back-derived from cumulative incidence (CIF x N), no source event count",ptcy_e=0 src=0; comp_e=4 src=NR
analytic,C1_aGVHD_grade_III_IV.csv,71,D+100,"event count back-derived from cumulative incidence (CIF x N), no source event count",ptcy_e=3 src=NR; comp_e=6 src=NR
analytic,C1_aGVHD_grade_III_IV.csv,77,D+100,"event count back-derived from cumulative incidence (CIF x N), no source event count",ptcy_e=18 src=NR; comp_e=156 src=NR
analytic,C1_aGVHD_grade_III_IV.csv,105,D+100,"event count back-derived from cumulative incidence (CIF x N), no source event count",ptcy_e=2 src=NR; comp_e=7 src=NR
analytic,C1_aGVHD_grade_III_IV.csv,110,D+100,"event count back-derived from cumulative incidence (CIF x N), no source event count",ptcy_e=6 src=NR; comp_e=4 src=NR
analytic,C1_aGVHD_grade_III_IV.csv,111,D+100,"event count back-derived from cumulative incidence (CIF x N), no source event count",ptcy_e=2 src=NR; comp_e=37 src=NR
analytic,C1_aGVHD_grade_III_IV.csv,112,D+100,"event count back-derived from cumulative incidence (CIF x N), no source event count",ptcy_e=22 src=NR; comp_e=92 src=NR
analytic,C1_aGVHD_grade_III_IV.csv,144,D+100,"event count back-derived from cumulative incidence (CIF x N), no source event count",ptcy_e=1 src=NR; comp_e=1 src=NR
analytic,C1_aGVHD_grade_III_IV.csv,168,D+100,"event count back-derived from cumulative incidence (CIF x N), no source event count",ptcy_e=20 src=NR; comp_e=92 src=NR
analytic,C1_aGVHD_grade_III_IV.csv,170,D+100,"event count back-derived from cumulative incidence (CIF x N), no source event count",ptcy_e=80 src=NR; comp_e=389 src=NR
analytic,C1_aGVHD_grade_III_IV.csv,183,D+100,"event count back-derived from cumulative incidence (CIF x N), no source event count",ptcy_e=16 src=NR; comp_e=10 src=NR
analytic,C1_aGVHD_grade_III_IV.csv,217,D+100,"event count back-derived from cumulative incidence (CIF x N), no source event count",ptcy_e=12 src=NR; comp_e=NA src=NR
analytic,C1_aGVHD_grade_III_IV.csv,221,D+100,"event count back-derived from cumulative incidence (CIF x N), no source event count",ptcy_e=38 src=NR; comp_e=27 src=NR
analytic,C1_aGVHD_grade_III_IV.csv,226,D+100,"event count back-derived from cumulative incidence (CIF x N), no source event count",ptcy_e=11 src=NR; comp_e=4 src=NR
analytic,C1_aGVHD_grade_III_IV.csv,232,D+100,"event count back-derived from cumulative incidence (CIF x N), no source event count",ptcy_e=68 src=NR; comp_e=117 src=NR
analytic,C1_aGVHD_grade_III_IV.csv,238,D+100,"event count back-derived from cumulative incidence (CIF x N), no source event count",ptcy_e=5 src=NR; comp_e=30 src=NR
analytic,C1_aGVHD_grade_III_IV.csv,242,D+100,"event count back-derived from cumulative incidence (CIF x N), no source event count",ptcy_e=7 src=NR; comp_e=8 src=NR
analytic,C1_aGVHD_grade_III_IV.csv,245,D+100,"event count back-derived from cumulative incidence (CIF x N), no source event count",ptcy_e=8 src=NR; comp_e=19 src=NR
analytic,C1_aGVHD_grade_III_IV.csv,258,D+100,"event count back-derived from cumulative incidence (CIF x N), no source event count",ptcy_e=3 src=NR; comp_e=16 src=NR
analytic,C1_aGVHD_grade_III_IV.csv,260,D+100,"event count back-derived from cumulative incidence (CIF x N), no source event count",ptcy_e=2 src=NR; comp_e=24 src=NR
analytic,C1_aGVHD_grade_III_IV.csv,262,D+100,"event count back-derived from cumulative incidence (CIF x N), no source event count",ptcy_e=18 src=NR; comp_e=40 src=NR
analytic,C1_aGVHD_grade_III_IV.csv,263,D+100,"event count back-derived from cumulative incidence (CIF x N), no source event count",ptcy_e=24 src=NR; comp_e=23 src=NR
analytic,C1_aGVHD_grade_III_IV.csv,273,D+100,"event count back-derived from cumulative incidence (CIF x N), no source event count",ptcy_e=23 src=NR; comp_e=377 src=NR
analytic,C1_aGVHD_grade_III_IV.csv,280,D+100,"event count back-derived from cumulative incidence (CIF x N), no source event count",ptcy_e=47 src=NR; comp_e=533 src=NR
analytic,C1_aGVHD_grade_III_IV.csv,289,D+100,"event count back-derived from cumulative incidence (CIF x N), no source event count",ptcy_e=9 src=NR; comp_e=47 src=NR
analytic,C1_aGVHD_grade_III_IV.csv,296,D+100,"event count back-derived from cumulative incidence (CIF x N), no source event count",ptcy_e=12 src=NR; comp_e=90 src=NR
analytic,C1_aGVHD_grade_III_IV.csv,301,D+100,"event count back-derived from cumulative incidence (CIF x N), no source event count",ptcy_e=8 src=NR; comp_e=37 src=NR
analytic,C1_aGVHD_grade_III_IV.csv,302,D+100,"event count back-derived from cumulative incidence (CIF x N), no source event count",ptcy_e=2 src=NR; comp_e=22 src=NR
analytic,C1_aGVHD_grade_III_IV.csv,304,D+100,"event count back-derived from cumulative incidence (CIF x N), no source event count",ptcy_e=0 src=0; comp_e=5 src=NR
analytic,C1_aGVHD_grade_III_IV.csv,305,D+100,"event count back-derived from cumulative incidence (CIF x N), no source event count",ptcy_e=10 src=NR; comp_e=13 src=NR
analytic,C1_aGVHD_grade_III_IV.csv,308,D+100,"event count back-derived from cumulative incidence (CIF x N), no source event count",ptcy_e=81 src=NR; comp_e=319 src=NR
analytic,C1_aGVHD_grade_III_IV.csv,311,D+100,"event count back-derived from cumulative incidence (CIF x N), no source event count",ptcy_e=19 src=NR; comp_e=152 src=NR
analytic,C1_aGVHD_grade_III_IV.csv,318,D+100,"event count back-derived from cumulative incidence (CIF x N), no source event count",ptcy_e=42 src=NR; comp_e=141 src=NR
analytic,C1_aGVHD_grade_III_IV.csv,326,D+100,"event count back-derived from cumulative incidence (CIF x N), no source event count",ptcy_e=14 src=NR; comp_e=16 src=NR
analytic,C1_aGVHD_grade_III_IV.csv,335,D+100,"event count back-derived from cumulative incidence (CIF x N), no source event count",ptcy_e=5 src=NR; comp_e=7 src=NR
analytic,C1_aGVHD_grade_III_IV.csv,336,D+100,"event count back-derived from cumulative incidence (CIF x N), no source event count",ptcy_e=12 src=NR; comp_e=44 src=NR
analytic,C1_aGVHD_grade_III_IV.csv,337,D+100,"event count back-derived from cumulative incidence (CIF x N), no source event count",ptcy_e=6 src=NR; comp_e=18 src=NR
analytic,C1_aGVHD_grade_III_IV.csv,368,D+100,"event count back-derived from cumulative incidence (CIF x N), no source event count",ptcy_e=11 src=NR; comp_e=57 src=NR
analytic,C1_aGVHD_grade_III_IV.csv,371,D+100,"event count back-derived from cumulative incidence (CIF x N), no source event count",ptcy_e=3 src=NR; comp_e=14 src=NR
analytic,C1_aGVHD_grade_III_IV.csv,380,D+100,"event count back-derived from cumulative incidence (CIF x N), no source event count",ptcy_e=4 src=NR; comp_e=7 src=NR
analytic,C1_aGVHD_grade_III_IV.csv,390,D+100,"event count back-derived from cumulative incidence (CIF x N), no source event count",ptcy_e=6 src=NR; comp_e=22 src=NR
analytic,C1_aGVHD_grade_III_IV.csv,395,D+100,"event count back-derived from cumulative incidence (CIF x N), no source event count",ptcy_e=3 src=NR; comp_e=8 src=NR
analytic,C1_aGVHD_grade_III_IV.csv,396,D+100,"event count back-derived from cumulative incidence (CIF x N), no source event count",ptcy_e=16 src=NR; comp_e=25 src=NR
analytic,C1_aGVHD_grade_III_IV.csv,399,D+100,"event count back-derived from cumulative incidence (CIF x N), no source event count",ptcy_e=10 src=NR; comp_e=93 src=NR
analytic,C1_aGVHD_grade_III_IV.csv,407,D+100,"event count back-derived from cumulative incidence (CIF x N), no source event count",ptcy_e=19 src=NR; comp_e=25 src=NR
analytic,C1_aGVHD_grade_III_IV.csv,410,D+100,"event count back-derived from cumulative incidence (CIF x N), no source event count",ptcy_e=5 src=NR; comp_e=36 src=NR
analytic,C1_aGVHD_grade_III_IV.csv,419,D+100,"event count back-derived from cumulative incidence (CIF x N), no source event count",ptcy_e=5 src=NR; comp_e=52 src=NR
analytic,C1_BSI_any_pathogen.csv,111,D+100,"event count back-derived from cumulative incidence (CIF x N), no source event count",ptcy_e=38 src=NR; comp_e=47 src=NR
analytic,C1_BSI_any_pathogen.csv,335,D+180,"event count back-derived from cumulative incidence (CIF x N), no source event count",ptcy_e=15 src=NR; comp_e=3 src=NR
analytic,C1_BSI_any_pathogen.csv,337,D+180,"event count back-derived from cumulative incidence (CIF x N), no source event count",ptcy_e=71 src=NR; comp_e=25 src=NR
analytic,C1_BSI_any_pathogen.csv,338,D+30,"event count back-derived from cumulative incidence (CIF x N), no source event count",ptcy_e=41 src=NR; comp_e=24 src=NR
analytic,C1_cGVHD_moderate_severe_NIH.csv,37,D+365_1yr,"event count back-derived from cumulative incidence (CIF x N), no source event count",ptcy_e=4 src=NR; comp_e=8 src=NR
analytic,C1_cGVHD_moderate_severe_NIH.csv,72,D+365_1yr,"event count back-derived from cumulative incidence (CIF x N), no source event count",ptcy_e=26 src=NR; comp_e=85 src=NR
analytic,C1_cGVHD_moderate_severe_NIH.csv,105,D+365_1yr,"event count back-derived from cumulative incidence (CIF x N), no source event count",ptcy_e=9 src=NR; comp_e=16 src=NR
analytic,C1_cGVHD_moderate_severe_NIH.csv,110,D+365_1yr,"event count back-derived from cumulative incidence (CIF x N), no source event count",ptcy_e=11 src=NR; comp_e=8 src=NR
analytic,C1_cGVHD_moderate_severe_NIH.csv,111,D+365_1yr,"event count back-derived from cumulative incidence (CIF x N), no source event count",ptcy_e=10 src=NR; comp_e=109 src=NR
analytic,C1_cGVHD_moderate_severe_NIH.csv,112,D+365_1yr,"event count back-derived from cumulative incidence (CIF x N), no source event count",ptcy_e=25 src=NR; comp_e=213 src=NR
analytic,C1_cGVHD_moderate_severe_NIH.csv,119,D+365_1yr,"event count back-derived from cumulative incidence (CIF x N), no source event count",ptcy_e=5 src=NR; comp_e=8 src=NR
analytic,C1_cGVHD_moderate_severe_NIH.csv,167,D+365_1yr,"event count back-derived from cumulative incidence (CIF x N), no source event count",ptcy_e=1 src=NR; comp_e=8 src=NR
analytic,C1_cGVHD_moderate_severe_NIH.csv,168,D+365_1yr,"event count back-derived from cumulative incidence (CIF x N), no source event count",ptcy_e=63 src=NR; comp_e=316 src=NR
analytic,C1_cGVHD_moderate_severe_NIH.csv,180,D+365_1yr,"event count back-derived from cumulative incidence (CIF x N), no source event count",ptcy_e=7 src=NR; comp_e=48 src=NR
analytic,C1_cGVHD_moderate_severe_NIH.csv,226,D+365_1yr,"event count back-derived from cumulative incidence (CIF x N), no source event count",ptcy_e=21 src=NR; comp_e=26 src=NR
analytic,C1_cGVHD_moderate_severe_NIH.csv,245,D+365_1yr,"event count back-derived from cumulative incidence (CIF x N), no source event count",ptcy_e=49 src=NR; comp_e=113 src=NR
analytic,C1_cGVHD_moderate_severe_NIH.csv,260,D+365_1yr,"event count back-derived from cumulative incidence (CIF x N), no source event count",ptcy_e=3 src=NR; comp_e=47 src=NR
analytic,C1_cGVHD_moderate_severe_NIH.csv,337,D+365_1yr,"event count back-derived from cumulative incidence (CIF x N), no source event count",ptcy_e=5 src=NR; comp_e=12 src=NR
analytic,C1_cGVHD_moderate_severe_NIH.csv,380,D+365_1yr,"event count back-derived from cumulative incidence (CIF x N), no source event count",ptcy_e=2 src=NR; comp_e=24 src=NR
analytic,C1_cGVHD_moderate_severe_NIH.csv,419,D+365_1yr,"event count back-derived from cumulative incidence (CIF x N), no source event count",ptcy_e=3 src=3; comp_e=117 src=NR
analytic,C1_cGVHD_moderate_severe_NIH.csv,7,D+730_2yr,"event count back-derived from cumulative incidence (CIF x N), no source event count",ptcy_e=14 src=NR; comp_e=81 src=NR
analytic,C1_cGVHD_moderate_severe_NIH.csv,9,D+730_2yr,"event count back-derived from cumulative incidence (CIF x N), no source event count",ptcy_e=20 src=NR; comp_e=53 src=NR
analytic,C1_cGVHD_moderate_severe_NIH.csv,55,D+730_2yr,"event count back-derived from cumulative incidence (CIF x N), no source event count",ptcy_e=5 src=NR; comp_e=14 src=NR
analytic,C1_cGVHD_moderate_severe_NIH.csv,71,D+730_2yr,"event count back-derived from cumulative incidence (CIF x N), no source event count",ptcy_e=0 src=NR; comp_e=8 src=NR
analytic,C1_cGVHD_moderate_severe_NIH.csv,144,D+730_2yr,"event count back-derived from cumulative incidence (CIF x N), no source event count",ptcy_e=9 src=NR; comp_e=2 src=NR
analytic,C1_cGVHD_moderate_severe_NIH.csv,183,D+730_2yr,"event count back-derived from cumulative incidence (CIF x N), no source event count",ptcy_e=26 src=NR; comp_e=15 src=NR
analytic,C1_cGVHD_moderate_severe_NIH.csv,184,D+730_2yr,"event count back-derived from cumulative incidence (CIF x N), no source event count",ptcy_e=5 src=NR; comp_e=8 src=NR
analytic,C1_cGVHD_moderate_severe_NIH.csv,238,D+730_2yr,"event count back-derived from cumulative incidence (CIF x N), no source event count",ptcy_e=13 src=NR; comp_e=167 src=NR
analytic,C1_cGVHD_moderate_severe_NIH.csv,244,D+730_2yr,"event count back-derived from cumulative incidence (CIF x N), no source event count",ptcy_e=14 src=NR; comp_e=79 src=NR
analytic,C1_cGVHD_moderate_severe_NIH.csv,258,D+730_2yr,"event count back-derived from cumulative incidence (CIF x N), no source event count",ptcy_e=20 src=NR; comp_e=32 src=NR
analytic,C1_cGVHD_moderate_severe_NIH.csv,302,D+730_2yr,"event count back-derived from cumulative incidence (CIF x N), no source event count",ptcy_e=2 src=NR; comp_e=26 src=NR
analytic,C1_cGVHD_moderate_severe_NIH.csv,304,D+730_2yr,"event count back-derived from cumulative incidence (CIF x N), no source event count",ptcy_e=16 src=NR; comp_e=33 src=NR
analytic,C1_cGVHD_moderate_severe_NIH.csv,335,D+730_2yr,"event count back-derived from cumulative incidence (CIF x N), no source event count",ptcy_e=8 src=NR; comp_e=29 src=NR
analytic,C1_cGVHD_moderate_severe_NIH.csv,338,D+730_2yr,"event count back-derived from cumulative incidence (CIF x N), no source event count",ptcy_e=4 src=NR; comp_e=81 src=NR
analytic,C1_cGVHD_moderate_severe_NIH.csv,340,D+730_2yr,"event count back-derived from cumulative incidence (CIF x N), no source event count",ptcy_e=220 src=NR; comp_e=1060 src=NR
analytic,C1_cGVHD_moderate_severe_NIH.csv,390,D+730_2yr,"event count back-derived from cumulative incidence (CIF x N), no source event count",ptcy_e=19 src=NR; comp_e=20 src=NR
analytic,C1_cGVHD_moderate_severe_NIH.csv,395,D+730_2yr,"event count back-derived from cumulative incidence (CIF x N), no source event count",ptcy_e=10 src=NR; comp_e=25 src=NR
analytic,C1_cGVHD_moderate_severe_NIH.csv,396,D+730_2yr,"event count back-derived from cumulative incidence (CIF x N), no source event count",ptcy_e=13 src=NR; comp_e=34 src=NR
analytic,C1_cGVHD_moderate_severe_NIH.csv,410,D+730_2yr,"event count back-derived from cumulative incidence (CIF x N), no source event count",ptcy_e=13 src=NR; comp_e=58 src=NR
analytic,C1_cGVHD_moderate_severe_NIH.csv,421,D+730_2yr,"event count back-derived from cumulative incidence (CIF x N), no source event count",ptcy_e=5 src=NR; comp_e=92 src=NR
analytic,C1_cGVHD_moderate_severe_NIH.csv,457,D+730_2yr,"event count back-derived from cumulative incidence (CIF x N), no source event count",ptcy_e=8 src=8; comp_e=20 src=NR
analytic,C1_CMV_any_reactivation.csv,2,D+100,"event count back-derived from cumulative incidence (CIF x N), no source event count",ptcy_e=15 src=NR; comp_e=15 src=NR
analytic,C1_CMV_any_reactivation.csv,4,D+100,"event count back-derived from cumulative incidence (CIF x N), no source event count",ptcy_e=303 src=NR; comp_e=337 src=NR
analytic,C1_CMV_any_reactivation.csv,50,D+100,"event count back-derived from cumulative incidence (CIF x N), no source event count",ptcy_e=54 src=NR; comp_e=28 src=NR
analytic,C1_CMV_any_reactivation.csv,51,D+100,"event count back-derived from cumulative incidence (CIF x N), no source event count",ptcy_e=55 src=NR; comp_e=28 src=NR
analytic,C1_CMV_any_reactivation.csv,86,D+100,"event count back-derived from cumulative incidence (CIF x N), no source event count",ptcy_e=9 src=NR; comp_e=28 src=NR
analytic,C1_CMV_any_reactivation.csv,379,D+100,"event count back-derived from cumulative incidence (CIF x N), no source event count",ptcy_e=NA src=NR; comp_e=161 src=NR
analytic,C1_CMV_any_reactivation.csv,380,D+100,"event count back-derived from cumulative incidence (CIF x N), no source event count",ptcy_e=13 src=NR; comp_e=9 src=NR
analytic,C1_CMV_any_reactivation.csv,390,D+100,"event count back-derived from cumulative incidence (CIF x N), no source event count",ptcy_e=84 src=NR; comp_e=38 src=NR
analytic,C1_CMV_any_reactivation.csv,226,D+180,"event count back-derived from cumulative incidence (CIF x N), no source event count",ptcy_e=10 src=NR; comp_e=11 src=NR
analytic,C1_CMV_any_reactivation.csv,238,D+180,"event count back-derived from cumulative incidence (CIF x N), no source event count",ptcy_e=10 src=NR; comp_e=43 src=NR
analytic,C1_CMV_any_reactivation.csv,335,D+180,"event count back-derived from cumulative incidence (CIF x N), no source event count",ptcy_e=42 src=NR; comp_e=41 src=NR
analytic,C1_CMV_any_reactivation.csv,337,D+180,"event count back-derived from cumulative incidence (CIF x N), no source event count",ptcy_e=63 src=NR; comp_e=40 src=NR
analytic,C1_CMV_any_reactivation.csv,338,D+180,"event count back-derived from cumulative incidence (CIF x N), no source event count",ptcy_e=43 src=NR; comp_e=105 src=NR
analytic,C1_IFI_mold_EORTC_MSG_proven_probable.csv,335,D+180,"event count back-derived from cumulative incidence (CIF x N), no source event count",ptcy_e=4 src=NR; comp_e=3 src=NR
analytic,C1_IFI_mold_EORTC_MSG_proven_probable.csv,337,D+365_1yr,"event count back-derived from cumulative incidence (CIF x N), no source event count",ptcy_e=15 src=NR; comp_e=5 src=NR
analytic,C1_NRM_NRM_overall.csv,2,D+365_1yr,"event count back-derived from cumulative incidence (CIF x N), no source event count",ptcy_e=26 src=NR; comp_e=36 src=NR
analytic,C1_NRM_NRM_overall.csv,19,D+365_1yr,"event count back-derived from cumulative incidence (CIF x N), no source event count",ptcy_e=15 src=NR; comp_e=27 src=NR
analytic,C1_NRM_NRM_overall.csv,35,D+365_1yr,"event count back-derived from cumulative incidence (CIF x N), no source event count",ptcy_e=139 src=NR; comp_e=1445 src=NR
analytic,C1_NRM_NRM_overall.csv,45,D+365_1yr,"event count back-derived from cumulative incidence (CIF x N), no source event count",ptcy_e=13 src=NR; comp_e=14 src=NR
analytic,C1_NRM_NRM_overall.csv,49,D+365_1yr,"event count back-derived from cumulative incidence (CIF x N), no source event count",ptcy_e=45 src=NR; comp_e=22 src=NR
analytic,C1_NRM_NRM_overall.csv,50,D+365_1yr,"event count back-derived from cumulative incidence (CIF x N), no source event count",ptcy_e=20 src=NR; comp_e=12 src=NR
analytic,C1_NRM_NRM_overall.csv,51,D+365_1yr,"event count back-derived from cumulative incidence (CIF x N), no source event count",ptcy_e=20 src=NR; comp_e=12 src=NR
analytic,C1_NRM_NRM_overall.csv,65,D+365_1yr,"event count back-derived from cumulative incidence (CIF x N), no source event count",ptcy_e=3 src=NR; comp_e=14 src=NR
analytic,C1_NRM_NRM_overall.csv,72,D+365_1yr,"event count back-derived from cumulative incidence (CIF x N), no source event count",ptcy_e=10 src=NR; comp_e=36 src=NR
analytic,C1_NRM_NRM_overall.csv,105,D+365_1yr,"event count back-derived from cumulative incidence (CIF x N), no source event count",ptcy_e=4 src=NR; comp_e=4 src=NR
analytic,C1_NRM_NRM_overall.csv,110,D+365_1yr,"event count back-derived from cumulative incidence (CIF x N), no source event count",ptcy_e=12 src=NR; comp_e=9 src=NR
analytic,C1_NRM_NRM_overall.csv,112,D+365_1yr,"event count back-derived from cumulative incidence (CIF x N), no source event count",ptcy_e=18 src=NR; comp_e=78 src=NR
analytic,C1_NRM_NRM_overall.csv,120,D+365_1yr,"event count back-derived from cumulative incidence (CIF x N), no source event count",ptcy_e=21 src=NR; comp_e=68 src=NR
analytic,C1_NRM_NRM_overall.csv,133,D+365_1yr,"event count back-derived from cumulative incidence (CIF x N), no source event count",ptcy_e=4 src=NR; comp_e=21 src=NR
analytic,C1_NRM_NRM_overall.csv,168,D+365_1yr,"event count back-derived from cumulative incidence (CIF x N), no source event count",ptcy_e=47 src=NR; comp_e=137 src=NR
analytic,C1_NRM_NRM_overall.csv,180,D+365_1yr,"event count back-derived from cumulative incidence (CIF x N), no source event count",ptcy_e=2 src=NR; comp_e=18 src=NR
analytic,C1_NRM_NRM_overall.csv,187,D+365_1yr,"event count back-derived from cumulative incidence (CIF x N), no source event count",ptcy_e=60 src=NR; comp_e=427 src=NR
analytic,C1_NRM_NRM_overall.csv,196,D+365_1yr,"event count back-derived from cumulative incidence (CIF x N), no source event count",ptcy_e=20 src=NR; comp_e=98 src=98
analytic,C1_NRM_NRM_overall.csv,226,D+365_1yr,"event count back-derived from cumulative incidence (CIF x N), no source event count",ptcy_e=13 src=NR; comp_e=8 src=NR
analytic,C1_NRM_NRM_overall.csv,232,D+365_1yr,"event count back-derived from cumulative incidence (CIF x N), no source event count",ptcy_e=117 src=NR; comp_e=234 src=NR
analytic,C1_NRM_NRM_overall.csv,245,D+365_1yr,"event count back-derived from cumulative incidence (CIF x N), no source event count",ptcy_e=28 src=NR; comp_e=52 src=NR
analytic,C1_NRM_NRM_overall.csv,260,D+365_1yr,"event count back-derived from cumulative incidence (CIF x N), no source event count",ptcy_e=1 src=NR; comp_e=20 src=NR
analytic,C1_NRM_NRM_overall.csv,289,D+365_1yr,"event count back-derived from cumulative incidence (CIF x N), no source event count",ptcy_e=16 src=NR; comp_e=72 src=NR
analytic,C1_NRM_NRM_overall.csv,301,D+365_1yr,"event count back-derived from cumulative incidence (CIF x N), no source event count",ptcy_e=10 src=NR; comp_e=23 src=NR
analytic,C1_NRM_NRM_overall.csv,305,D+365_1yr,"event count back-derived from cumulative incidence (CIF x N), no source event count",ptcy_e=22 src=NR; comp_e=27 src=NR
analytic,C1_NRM_NRM_overall.csv,321,D+365_1yr,"event count back-derived from cumulative incidence (CIF x N), no source event count",ptcy_e=6 src=NR; comp_e=10 src=NR
analytic,C1_NRM_NRM_overall.csv,335,D+365_1yr,"event count back-derived from cumulative incidence (CIF x N), no source event count",ptcy_e=12 src=NR; comp_e=9 src=NR
analytic,C1_NRM_NRM_overall.csv,336,D+365_1yr,"event count back-derived from cumulative incidence (CIF x N), no source event count",ptcy_e=16 src=NR; comp_e=44 src=NR
analytic,C1_NRM_NRM_overall.csv,337,D+365_1yr,"event count back-derived from cumulative incidence (CIF x N), no source event count",ptcy_e=22 src=NR; comp_e=21 src=NR
analytic,C1_NRM_NRM_overall.csv,338,D+365_1yr,"event count back-derived from cumulative incidence (CIF x N), no source event count",ptcy_e=8 src=NR; comp_e=26 src=NR
analytic,C1_NRM_NRM_overall.csv,344,D+365_1yr,"event count back-derived from cumulative incidence (CIF x N), no source event count",ptcy_e=85 src=NR; comp_e=127 src=NR
analytic,C1_NRM_NRM_overall.csv,374,D+365_1yr,"event count back-derived from cumulative incidence (CIF x N), no source event count",ptcy_e=8 src=NR; comp_e=66 src=NR
analytic,C1_NRM_NRM_overall.csv,380,D+365_1yr,"event count back-derived from cumulative incidence (CIF x N), no source event count",ptcy_e=7 src=NR; comp_e=5 src=NR
analytic,C1_NRM_NRM_overall.csv,389,D+365_1yr,"event count back-derived from cumulative incidence (CIF x N), no source event count",ptcy_e=40 src=NR; comp_e=22 src=NR
analytic,C1_NRM_NRM_overall.csv,399,D+365_1yr,"event count back-derived from cumulative incidence (CIF x N), no source event count",ptcy_e=46 src=NR; comp_e=178 src=NR
analytic,C1_NRM_NRM_overall.csv,419,D+365_1yr,"event count back-derived from cumulative incidence (CIF x N), no source event count",ptcy_e=12 src=NR; comp_e=65 src=NR
analytic,C1_NRM_NRM_overall.csv,421,D+365_1yr,"event count back-derived from cumulative incidence (CIF x N), no source event count",ptcy_e=12 src=NR; comp_e=76 src=NR
analytic,C1_NRM_NRM_overall.csv,167,end_of_followup,"event count back-derived from cumulative incidence (CIF x N), no source event count",ptcy_e=5 src=NR; comp_e=5 src=NR
analytic,C1_NRM_NRM_overall.csv,216,end_of_followup,"event count back-derived from cumulative incidence (CIF x N), no source event count",ptcy_e=1 src=NR; comp_e=10 src=10
analytic,C1_NRM_NRM_overall.csv,396,end_of_followup,"event count back-derived from cumulative incidence (CIF x N), no source event count",ptcy_e=32 src=NR; comp_e=18 src=NR
analytic,C1_overall_mortality_OS_event.csv,19,D+365_1yr,"event count back-derived from cumulative incidence (CIF x N), no source event count",ptcy_e=31 src=NR; comp_e=73 src=NR
analytic,C1_overall_mortality_OS_event.csv,35,D+365_1yr,"event count back-derived from cumulative incidence (CIF x N), no source event count",ptcy_e=186 src=NR; comp_e=2214 src=NR
analytic,C1_overall_mortality_OS_event.csv,37,D+365_1yr,"event count back-derived from cumulative incidence (CIF x N), no source event count",ptcy_e=4 src=NR; comp_e=2 src=NR
analytic,C1_overall_mortality_OS_event.csv,48,D+365_1yr,"event count back-derived from cumulative incidence (CIF x N), no source event count",ptcy_e=25 src=NR; comp_e=88 src=NR
analytic,C1_overall_mortality_OS_event.csv,49,D+365_1yr,"event count back-derived from cumulative incidence (CIF x N), no source event count",ptcy_e=70 src=NR; comp_e=42 src=NR
analytic,C1_overall_mortality_OS_event.csv,50,D+365_1yr,"event count back-derived from cumulative incidence (CIF x N), no source event count",ptcy_e=26 src=NR; comp_e=14 src=NR
analytic,C1_overall_mortality_OS_event.csv,51,D+365_1yr,"event count back-derived from cumulative incidence (CIF x N), no source event count",ptcy_e=26 src=NR; comp_e=14 src=NR
analytic,C1_overall_mortality_OS_event.csv,72,D+365_1yr,"event count back-derived from cumulative incidence (CIF x N), no source event count",ptcy_e=27 src=NR; comp_e=65 src=NR
analytic,C1_overall_mortality_OS_event.csv,105,D+365_1yr,"event count back-derived from cumulative incidence (CIF x N), no source event count",ptcy_e=11 src=NR; comp_e=18 src=NR
analytic,C1_overall_mortality_OS_event.csv,120,D+365_1yr,"event count back-derived from cumulative incidence (CIF x N), no source event count",ptcy_e=45 src=NR; comp_e=184 src=NR
analytic,C1_overall_mortality_OS_event.csv,133,D+365_1yr,"event count back-derived from cumulative incidence (CIF x N), no source event count",ptcy_e=9 src=NR; comp_e=26 src=NR
analytic,C1_overall_mortality_OS_event.csv,180,D+365_1yr,"event count back-derived from cumulative incidence (CIF x N), no source event count",ptcy_e=6 src=NR; comp_e=26 src=NR
analytic,C1_overall_mortality_OS_event.csv,187,D+365_1yr,"event count back-derived from cumulative incidence (CIF x N), no source event count",ptcy_e=151 src=NR; comp_e=796 src=NR
analytic,C1_overall_mortality_OS_event.csv,196,D+365_1yr,"event count back-derived from cumulative incidence (CIF x N), no source event count",ptcy_e=44 src=NR; comp_e=107 src=NR
analytic,C1_overall_mortality_OS_event.csv,207,D+365_1yr,"event count back-derived from cumulative incidence (CIF x N), no source event count",ptcy_e=9 src=NR; comp_e=6 src=NR
analytic,C1_overall_mortality_OS_event.csv,226,D+365_1yr,"event count back-derived from cumulative incidence (CIF x N), no source event count",ptcy_e=18 src=NR; comp_e=19 src=NR
analytic,C1_overall_mortality_OS_event.csv,245,D+365_1yr,"event count back-derived from cumulative incidence (CIF x N), no source event count",ptcy_e=33 src=NR; comp_e=66 src=NR
analytic,C1_overall_mortality_OS_event.csv,289,D+365_1yr,"event count back-derived from cumulative incidence (CIF x N), no source event count",ptcy_e=44 src=NR; comp_e=153 src=NR
analytic,C1_overall_mortality_OS_event.csv,305,D+365_1yr,"event count back-derived from cumulative incidence (CIF x N), no source event count",ptcy_e=29 src=NR; comp_e=46 src=NR
analytic,C1_overall_mortality_OS_event.csv,335,D+365_1yr,"event count back-derived from cumulative incidence (CIF x N), no source event count",ptcy_e=21 src=NR; comp_e=24 src=NR
analytic,C1_overall_mortality_OS_event.csv,336,D+365_1yr,"event count back-derived from cumulative incidence (CIF x N), no source event count",ptcy_e=20 src=NR; comp_e=91 src=NR
analytic,C1_overall_mortality_OS_event.csv,337,D+365_1yr,"event count back-derived from cumulative incidence (CIF x N), no source event count",ptcy_e=22 src=NR; comp_e=25 src=NR
analytic,C1_overall_mortality_OS_event.csv,338,D+365_1yr,"event count back-derived from cumulative incidence (CIF x N), no source event count",ptcy_e=15 src=NR; comp_e=60 src=NR
analytic,C1_overall_mortality_OS_event.csv,375,D+365_1yr,"event count back-derived from cumulative incidence (CIF x N), no source event count",ptcy_e=11 src=NR; comp_e=17 src=NR
analytic,C1_overall_mortality_OS_event.csv,380,D+365_1yr,"event count back-derived from cumulative incidence (CIF x N), no source event count",ptcy_e=10 src=NR; comp_e=10 src=NR
analytic,C1_overall_mortality_OS_event.csv,389,D+365_1yr,"event count back-derived from cumulative incidence (CIF x N), no source event count",ptcy_e=18 src=NR; comp_e=8 src=NR
analytic,C1_overall_mortality_OS_event.csv,421,D+365_1yr,"event count back-derived from cumulative incidence (CIF x N), no source event count",ptcy_e=22 src=NR; comp_e=138 src=NR
analytic,C1_overall_mortality_OS_event.csv,5,D+730_2yr,"event count back-derived from cumulative incidence (CIF x N), no source event count",ptcy_e=29 src=NR; comp_e=27 src=NR
analytic,C1_overall_mortality_OS_event.csv,7,D+730_2yr,"event count back-derived from cumulative incidence (CIF x N), no source event count",ptcy_e=27 src=NR; comp_e=75 src=NR
analytic,C1_overall_mortality_OS_event.csv,55,D+730_2yr,"event count back-derived from cumulative incidence (CIF x N), no source event count",ptcy_e=11 src=NR; comp_e=14 src=NR
analytic,C1_overall_mortality_OS_event.csv,57,D+730_2yr,"event count back-derived from cumulative incidence (CIF x N), no source event count",ptcy_e=292 src=NR; comp_e=1125 src=NR
analytic,C1_overall_mortality_OS_event.csv,71,D+730_2yr,"event count back-derived from cumulative incidence (CIF x N), no source event count",ptcy_e=9 src=NR; comp_e=10 src=NR
analytic,C1_overall_mortality_OS_event.csv,77,D+730_2yr,"event count back-derived from cumulative incidence (CIF x N), no source event count",ptcy_e=141 src=NR; comp_e=725 src=NR
analytic,C1_overall_mortality_OS_event.csv,110,D+730_2yr,"event count back-derived from cumulative incidence (CIF x N), no source event count",ptcy_e=22 src=NR; comp_e=14 src=NR
analytic,C1_overall_mortality_OS_event.csv,111,D+730_2yr,"event count back-derived from cumulative incidence (CIF x N), no source event count",ptcy_e=30 src=NR; comp_e=91 src=NR
analytic,C1_overall_mortality_OS_event.csv,112,D+730_2yr,"event count back-derived from cumulative incidence (CIF x N), no source event count",ptcy_e=80 src=NR; comp_e=185 src=NR
analytic,C1_overall_mortality_OS_event.csv,140,D+730_2yr,"event count back-derived from cumulative incidence (CIF x N), no source event count",ptcy_e=78 src=NR; comp_e=100 src=NR
analytic,C1_overall_mortality_OS_event.csv,170,D+730_2yr,"event count back-derived from cumulative incidence (CIF x N), no source event count",ptcy_e=500 src=NR; comp_e=1487 src=NR
analytic,C1_overall_mortality_OS_event.csv,209,D+730_2yr,"event count back-derived from cumulative incidence (CIF x N), no source event count",ptcy_e=13 src=NR; comp_e=22 src=NR
analytic,C1_overall_mortality_OS_event.csv,217,D+730_2yr,"event count back-derived from cumulative incidence (CIF x N), no source event count",ptcy_e=60 src=NR; comp_e=26 src=NR
analytic,C1_overall_mortality_OS_event.csv,221,D+730_2yr,"event count back-derived from cumulative incidence (CIF x N), no source event count",ptcy_e=175 src=NR; comp_e=118 src=NR
analytic,C1_overall_mortality_OS_event.csv,232,D+730_2yr,"event count back-derived from cumulative incidence (CIF x N), no source event count",ptcy_e=278 src=NR; comp_e=506 src=NR
analytic,C1_overall_mortality_OS_event.csv,238,D+730_2yr,"event count back-derived from cumulative incidence (CIF x N), no source event count",ptcy_e=36 src=NR; comp_e=176 src=NR
analytic,C1_overall_mortality_OS_event.csv,242,D+730_2yr,"event count back-derived from cumulative incidence (CIF x N), no source event count",ptcy_e=20 src=NR; comp_e=43 src=NR
analytic,C1_overall_mortality_OS_event.csv,244,D+730_2yr,"event count back-derived from cumulative incidence (CIF x N), no source event count",ptcy_e=49 src=NR; comp_e=106 src=NR
analytic,C1_overall_mortality_OS_event.csv,248,D+730_2yr,"event count back-derived from cumulative incidence (CIF x N), no source event count",ptcy_e=19 src=NR; comp_e=15 src=NR
analytic,C1_overall_mortality_OS_event.csv,258,D+730_2yr,"event count back-derived from cumulative incidence (CIF x N), no source event count",ptcy_e=30 src=NR; comp_e=62 src=NR
analytic,C1_overall_mortality_OS_event.csv,262,D+730_2yr,"event count back-derived from cumulative incidence (CIF x N), no source event count",ptcy_e=26 src=NR; comp_e=76 src=NR
analytic,C1_overall_mortality_OS_event.csv,273,D+730_2yr,"event count back-derived from cumulative incidence (CIF x N), no source event count",ptcy_e=201 src=NR; comp_e=1316 src=NR
analytic,C1_overall_mortality_OS_event.csv,276,D+730_2yr,"event count back-derived from cumulative incidence (CIF x N), no source event count",ptcy_e=170 src=NR; comp_e=616 src=NR
analytic,C1_overall_mortality_OS_event.csv,280,D+730_2yr,"event count back-derived from cumulative incidence (CIF x N), no source event count",ptcy_e=210 src=NR; comp_e=2163 src=NR
analytic,C1_overall_mortality_OS_event.csv,302,D+730_2yr,"event count back-derived from cumulative incidence (CIF x N), no source event count",ptcy_e=22 src=NR; comp_e=47 src=NR
analytic,C1_overall_mortality_OS_event.csv,304,D+730_2yr,"event count back-derived from cumulative incidence (CIF x N), no source event count",ptcy_e=27 src=NR; comp_e=45 src=NR
analytic,C1_overall_mortality_OS_event.csv,308,D+730_2yr,"event count back-derived from cumulative incidence (CIF x N), no source event count",ptcy_e=337 src=NR; comp_e=1457 src=NR
analytic,C1_overall_mortality_OS_event.csv,318,D+730_2yr,"event count back-derived from cumulative incidence (CIF x N), no source event count",ptcy_e=208 src=NR; comp_e=594 src=NR
analytic,C1_overall_mortality_OS_event.csv,323,D+730_2yr,"event count back-derived from cumulative incidence (CIF x N), no source event count",ptcy_e=32 src=NR; comp_e=49 src=NR
analytic,C1_overall_mortality_OS_event.csv,326,D+730_2yr,"event count back-derived from cumulative incidence (CIF x N), no source event count",ptcy_e=27 src=NR; comp_e=55 src=NR
analytic,C1_overall_mortality_OS_event.csv,332,D+730_2yr,"event count back-derived from cumulative incidence (CIF x N), no source event count",ptcy_e=34 src=NR; comp_e=13 src=NR
analytic,C1_overall_mortality_OS_event.csv,344,D+730_2yr,"event count back-derived from cumulative incidence (CIF x N), no source event count",ptcy_e=138 src=NR; comp_e=261 src=NR
analytic,C1_overall_mortality_OS_event.csv,359,D+730_2yr,"event count back-derived from cumulative incidence (CIF x N), no source event count",ptcy_e=34 src=NR; comp_e=25 src=NR
analytic,C1_overall_mortality_OS_event.csv,374,D+730_2yr,"event count back-derived from cumulative incidence (CIF x N), no source event count",ptcy_e=18 src=NR; comp_e=122 src=NR
analytic,C1_overall_mortality_OS_event.csv,410,D+730_2yr,"event count back-derived from cumulative incidence (CIF x N), no source event count",ptcy_e=32 src=NR; comp_e=89 src=NR
analytic,C1_overall_mortality_OS_event.csv,419,D+730_2yr,"event count back-derived from cumulative incidence (CIF x N), no source event count",ptcy_e=25 src=NR; comp_e=124 src=NR
analytic,C1_overall_mortality_OS_event.csv,424,D+730_2yr,"event count back-derived from cumulative incidence (CIF x N), no source event count",ptcy_e=15 src=NR; comp_e=26 src=NR
analytic,C1_overall_mortality_OS_event.csv,442,D+730_2yr,"event count back-derived from cumulative incidence (CIF x N), no source event count",ptcy_e=22 src=NR; comp_e=4 src=NR
analytic,C1_overall_mortality_OS_event.csv,457,D+730_2yr,"event count back-derived from cumulative incidence (CIF x N), no source event count",ptcy_e=4 src=NR; comp_e=18 src=NR
analytic,C2_aGVHD_grade_II_IV.csv,39,D+100,"event count back-derived from cumulative incidence (CIF x N), no source event count",ptcy_e=19 src=NR; comp_e=46 src=NR
analytic,C2_aGVHD_grade_II_IV.csv,43,D+100,"event count back-derived from cumulative incidence (CIF x N), no source event count",ptcy_e=33 src=NR; comp_e=25 src=25
analytic,C2_aGVHD_grade_II_IV.csv,60,D+100,"event count back-derived from cumulative incidence (CIF x N), no source event count",ptcy_e=28 src=NR; comp_e=57 src=NR
analytic,C2_aGVHD_grade_II_IV.csv,61,D+100,"event count back-derived from cumulative incidence (CIF x N), no source event count",ptcy_e=37 src=NR; comp_e=325 src=NR
analytic,C2_aGVHD_grade_II_IV.csv,75,D+100,"event count back-derived from cumulative incidence (CIF x N), no source event count",ptcy_e=27 src=NR; comp_e=49 src=NR
analytic,C2_aGVHD_grade_II_IV.csv,78,D+100,"event count back-derived from cumulative incidence (CIF x N), no source event count",ptcy_e=50 src=NR; comp_e=424 src=NR
analytic,C2_aGVHD_grade_II_IV.csv,107,D+100,"event count back-derived from cumulative incidence (CIF x N), no source event count",ptcy_e=7 src=NR; comp_e=29 src=NR
analytic,C2_aGVHD_grade_II_IV.csv,111,D+100,"event count back-derived from cumulative incidence (CIF x N), no source event count",ptcy_e=29 src=NR; comp_e=10 src=NR
analytic,C2_aGVHD_grade_II_IV.csv,112,D+100,"event count back-derived from cumulative incidence (CIF x N), no source event count",ptcy_e=86 src=NR; comp_e=157 src=NR
analytic,C2_aGVHD_grade_II_IV.csv,136,D+100,"event count back-derived from cumulative incidence (CIF x N), no source event count",ptcy_e=18 src=NR; comp_e=22 src=NR
analytic,C2_aGVHD_grade_II_IV.csv,142,D+100,"event count back-derived from cumulative incidence (CIF x N), no source event count",ptcy_e=99 src=NR; comp_e=346 src=NR
analytic,C2_aGVHD_grade_II_IV.csv,151,D+100,"event count back-derived from cumulative incidence (CIF x N), no source event count",ptcy_e=36 src=NR; comp_e=234 src=NR
analytic,C2_aGVHD_grade_II_IV.csv,167,D+100,"event count back-derived from cumulative incidence (CIF x N), no source event count",ptcy_e=2 src=NR; comp_e=7 src=NR
analytic,C2_aGVHD_grade_II_IV.csv,168,D+100,"event count back-derived from cumulative incidence (CIF x N), no source event count",ptcy_e=74 src=NR; comp_e=129 src=NR
analytic,C2_aGVHD_grade_II_IV.csv,196,D+100,"event count back-derived from cumulative incidence (CIF x N), no source event count",ptcy_e=13 src=NR; comp_e=20 src=NR
analytic,C2_aGVHD_grade_II_IV.csv,236,D+100,"event count back-derived from cumulative incidence (CIF x N), no source event count",ptcy_e=49 src=NR; comp_e=171 src=NR
analytic,C2_aGVHD_grade_II_IV.csv,254,D+100,"event count back-derived from cumulative incidence (CIF x N), no source event count",ptcy_e=6 src=NR; comp_e=27 src=NR
analytic,C2_aGVHD_grade_II_IV.csv,257,D+100,"event count back-derived from cumulative incidence (CIF x N), no source event count",ptcy_e=38 src=NR; comp_e=121 src=NR
analytic,C2_aGVHD_grade_II_IV.csv,263,D+100,"event count back-derived from cumulative incidence (CIF x N), no source event count",ptcy_e=119 src=NR; comp_e=30 src=NR
analytic,C2_aGVHD_grade_II_IV.csv,277,D+100,"event count back-derived from cumulative incidence (CIF x N), no source event count",ptcy_e=102 src=NR; comp_e=32 src=NR
analytic,C2_aGVHD_grade_II_IV.csv,280,D+100,"event count back-derived from cumulative incidence (CIF x N), no source event count",ptcy_e=169 src=NR; comp_e=1598 src=NR
analytic,C2_aGVHD_grade_II_IV.csv,307,D+100,"event count back-derived from cumulative incidence (CIF x N), no source event count",ptcy_e=250 src=NR; comp_e=2047 src=NR
analytic,C2_aGVHD_grade_II_IV.csv,324,D+100,"event count back-derived from cumulative incidence (CIF x N), no source event count",ptcy_e=60 src=NR; comp_e=24 src=NR
analytic,C2_aGVHD_grade_II_IV.csv,363,D+100,"event count back-derived from cumulative incidence (CIF x N), no source event count",ptcy_e=3 src=NR; comp_e=29 src=NR
analytic,C2_aGVHD_grade_II_IV.csv,366,D+100,"event count back-derived from cumulative incidence (CIF x N), no source event count",ptcy_e=34 src=NR; comp_e=24 src=NR
analytic,C2_aGVHD_grade_II_IV.csv,396,D+100,"event count back-derived from cumulative incidence (CIF x N), no source event count",ptcy_e=34 src=NR; comp_e=57 src=NR
analytic,C2_aGVHD_grade_II_IV.csv,464,D+100,"event count back-derived from cumulative incidence (CIF x N), no source event count",ptcy_e=13 src=NR; comp_e=24 src=NR
analytic,C2_aGVHD_grade_II_IV.csv,465,D+100,"event count back-derived from cumulative incidence (CIF x N), no source event count",ptcy_e=19 src=NR; comp_e=32 src=NR
analytic,C2_aGVHD_grade_II_IV.csv,63,D+180,"event count back-derived from cumulative incidence (CIF x N), no source event count",ptcy_e=825 src=NR; comp_e=109 src=NR
analytic,C2_aGVHD_grade_II_IV.csv,99,D+180,"event count back-derived from cumulative incidence (CIF x N), no source event count",ptcy_e=30 src=NR; comp_e=128 src=NR
analytic,C2_aGVHD_grade_II_IV.csv,120,D+180,"event count back-derived from cumulative incidence (CIF x N), no source event count",ptcy_e=42 src=NR; comp_e=121 src=NR
analytic,C2_aGVHD_grade_II_IV.csv,137,D+180,"event count back-derived from cumulative incidence (CIF x N), no source event count",ptcy_e=138 src=NR; comp_e=28 src=NR
analytic,C2_aGVHD_grade_II_IV.csv,384,D+180,"event count back-derived from cumulative incidence (CIF x N), no source event count",ptcy_e=35 src=NR; comp_e=74 src=NR
analytic,C2_aGVHD_grade_III_IV.csv,39,D+100,"event count back-derived from cumulative incidence (CIF x N), no source event count",ptcy_e=2 src=NR; comp_e=18 src=NR
analytic,C2_aGVHD_grade_III_IV.csv,60,D+100,"event count back-derived from cumulative incidence (CIF x N), no source event count",ptcy_e=8 src=NR; comp_e=34 src=NR
analytic,C2_aGVHD_grade_III_IV.csv,61,D+100,"event count back-derived from cumulative incidence (CIF x N), no source event count",ptcy_e=12 src=NR; comp_e=115 src=NR
analytic,C2_aGVHD_grade_III_IV.csv,75,D+100,"event count back-derived from cumulative incidence (CIF x N), no source event count",ptcy_e=7 src=NR; comp_e=21 src=NR
analytic,C2_aGVHD_grade_III_IV.csv,78,D+100,"event count back-derived from cumulative incidence (CIF x N), no source event count",ptcy_e=15 src=NR; comp_e=131 src=NR
analytic,C2_aGVHD_grade_III_IV.csv,111,D+100,"event count back-derived from cumulative incidence (CIF x N), no source event count",ptcy_e=5 src=NR; comp_e=1 src=NR
analytic,C2_aGVHD_grade_III_IV.csv,112,D+100,"event count back-derived from cumulative incidence (CIF x N), no source event count",ptcy_e=22 src=NR; comp_e=49 src=NR
analytic,C2_aGVHD_grade_III_IV.csv,136,D+100,"event count back-derived from cumulative incidence (CIF x N), no source event count",ptcy_e=10 src=NR; comp_e=10 src=NR
analytic,C2_aGVHD_grade_III_IV.csv,142,D+100,"event count back-derived from cumulative incidence (CIF x N), no source event count",ptcy_e=41 src=NR; comp_e=175 src=NR
analytic,C2_aGVHD_grade_III_IV.csv,151,D+100,"event count back-derived from cumulative incidence (CIF x N), no source event count",ptcy_e=8 src=NR; comp_e=74 src=NR
analytic,C2_aGVHD_grade_III_IV.csv,168,D+100,"event count back-derived from cumulative incidence (CIF x N), no source event count",ptcy_e=20 src=NR; comp_e=43 src=NR
analytic,C2_aGVHD_grade_III_IV.csv,185,D+100,"event count back-derived from cumulative incidence (CIF x N), no source event count",ptcy_e=12 src=NR; comp_e=14 src=NR
analytic,C2_aGVHD_grade_III_IV.csv,236,D+100,"event count back-derived from cumulative incidence (CIF x N), no source event count",ptcy_e=15 src=NR; comp_e=71 src=NR
analytic,C2_aGVHD_grade_III_IV.csv,254,D+100,"event count back-derived from cumulative incidence (CIF x N), no source event count",ptcy_e=3 src=NR; comp_e=10 src=NR
analytic,C2_aGVHD_grade_III_IV.csv,257,D+100,"event count back-derived from cumulative incidence (CIF x N), no source event count",ptcy_e=8 src=NR; comp_e=62 src=NR
analytic,C2_aGVHD_grade_III_IV.csv,263,D+100,"event count back-derived from cumulative incidence (CIF x N), no source event count",ptcy_e=24 src=NR; comp_e=6 src=NR
analytic,C2_aGVHD_grade_III_IV.csv,277,D+100,"event count back-derived from cumulative incidence (CIF x N), no source event count",ptcy_e=47 src=NR; comp_e=11 src=NR
analytic,C2_aGVHD_grade_III_IV.csv,280,D+100,"event count back-derived from cumulative incidence (CIF x N), no source event count",ptcy_e=47 src=NR; comp_e=533 src=NR
analytic,C2_aGVHD_grade_III_IV.csv,307,D+100,"event count back-derived from cumulative incidence (CIF x N), no source event count",ptcy_e=90 src=NR; comp_e=749 src=NR
analytic,C2_aGVHD_grade_III_IV.csv,324,D+100,"event count back-derived from cumulative incidence (CIF x N), no source event count",ptcy_e=9 src=NR; comp_e=14 src=NR
analytic,C2_aGVHD_grade_III_IV.csv,366,D+100,"event count back-derived from cumulative incidence (CIF x N), no source event count",ptcy_e=14 src=NR; comp_e=7 src=NR
analytic,C2_aGVHD_grade_III_IV.csv,396,D+100,"event count back-derived from cumulative incidence (CIF x N), no source event count",ptcy_e=18 src=NR; comp_e=23 src=NR
analytic,C2_aGVHD_grade_III_IV.csv,464,D+100,"event count back-derived from cumulative incidence (CIF x N), no source event count",ptcy_e=4 src=NR; comp_e=8 src=NR
analytic,C2_aGVHD_grade_III_IV.csv,465,D+100,"event count back-derived from cumulative incidence (CIF x N), no source event count",ptcy_e=5 src=NR; comp_e=14 src=NR
analytic,C2_BSI_any_pathogen.csv,111,D+100,"event count back-derived from cumulative incidence (CIF x N), no source event count",ptcy_e=42 src=NR; comp_e=10 src=NR
analytic,C2_cGVHD_moderate_severe_NIH.csv,75,D+365_1yr,"event count back-derived from cumulative incidence (CIF x N), no source event count",ptcy_e=10 src=NR; comp_e=15 src=NR
analytic,C2_cGVHD_moderate_severe_NIH.csv,107,D+365_1yr,"event count back-derived from cumulative incidence (CIF x N), no source event count",ptcy_e=3 src=NR; comp_e=17 src=NR
analytic,C2_cGVHD_moderate_severe_NIH.csv,111,D+365_1yr,"event count back-derived from cumulative incidence (CIF x N), no source event count",ptcy_e=30 src=NR; comp_e=6 src=NR
analytic,C2_cGVHD_moderate_severe_NIH.csv,112,D+365_1yr,"event count back-derived from cumulative incidence (CIF x N), no source event count",ptcy_e=25 src=NR; comp_e=82 src=NR
analytic,C2_cGVHD_moderate_severe_NIH.csv,142,D+365_1yr,"event count back-derived from cumulative incidence (CIF x N), no source event count",ptcy_e=101 src=NR; comp_e=304 src=NR
analytic,C2_cGVHD_moderate_severe_NIH.csv,167,D+365_1yr,"event count back-derived from cumulative incidence (CIF x N), no source event count",ptcy_e=1 src=NR; comp_e=6 src=NR
analytic,C2_cGVHD_moderate_severe_NIH.csv,168,D+365_1yr,"event count back-derived from cumulative incidence (CIF x N), no source event count",ptcy_e=63 src=NR; comp_e=138 src=NR
analytic,C2_cGVHD_moderate_severe_NIH.csv,185,D+365_1yr,"event count back-derived from cumulative incidence (CIF x N), no source event count",ptcy_e=7 src=NR; comp_e=10 src=NR
analytic,C2_cGVHD_moderate_severe_NIH.csv,254,D+365_1yr,"event count back-derived from cumulative incidence (CIF x N), no source event count",ptcy_e=4 src=NR; comp_e=25 src=NR
analytic,C2_cGVHD_moderate_severe_NIH.csv,39,D+730_2yr,"event count back-derived from cumulative incidence (CIF x N), no source event count",ptcy_e=24 src=NR; comp_e=26 src=NR
analytic,C2_cGVHD_moderate_severe_NIH.csv,99,D+730_2yr,"event count back-derived from cumulative incidence (CIF x N), no source event count",ptcy_e=11 src=NR; comp_e=115 src=NR
analytic,C2_cGVHD_moderate_severe_NIH.csv,136,D+730_2yr,"event count back-derived from cumulative incidence (CIF x N), no source event count",ptcy_e=4 src=NR; comp_e=30 src=NR
analytic,C2_cGVHD_moderate_severe_NIH.csv,137,D+730_2yr,"event count back-derived from cumulative incidence (CIF x N), no source event count",ptcy_e=40 src=NR; comp_e=16 src=NR
analytic,C2_cGVHD_moderate_severe_NIH.csv,299,D+730_2yr,"event count back-derived from cumulative incidence (CIF x N), no source event count",ptcy_e=4 src=NR; comp_e=10 src=NR
analytic,C2_cGVHD_moderate_severe_NIH.csv,358,D+730_2yr,"event count back-derived from cumulative incidence (CIF x N), no source event count",ptcy_e=2 src=NR; comp_e=7 src=NR
analytic,C2_cGVHD_moderate_severe_NIH.csv,366,D+730_2yr,"event count back-derived from cumulative incidence (CIF x N), no source event count",ptcy_e=26 src=NR; comp_e=7 src=NR
analytic,C2_cGVHD_moderate_severe_NIH.csv,396,D+730_2yr,"event count back-derived from cumulative incidence (CIF x N), no source event count",ptcy_e=10 src=NR; comp_e=39 src=NR
analytic,C2_cGVHD_moderate_severe_NIH.csv,457,D+730_2yr,"event count back-derived from cumulative incidence (CIF x N), no source event count",ptcy_e=8 src=8; comp_e=11 src=NR
analytic,C2_cGVHD_moderate_severe_NIH.csv,464,D+730_2yr,"event count back-derived from cumulative incidence (CIF x N), no source event count",ptcy_e=4 src=NR; comp_e=8 src=NR
analytic,C2_cGVHD_moderate_severe_NIH.csv,465,D+730_2yr,"event count back-derived from cumulative incidence (CIF x N), no source event count",ptcy_e=3 src=NR; comp_e=9 src=NR
analytic,C2_CMV_any_reactivation.csv,86,D+100,"event count back-derived from cumulative incidence (CIF x N), no source event count",ptcy_e=9 src=NR; comp_e=28 src=NR
analytic,C2_CMV_any_reactivation.csv,465,D+180,"event count back-derived from cumulative incidence (CIF x N), no source event count",ptcy_e=43 src=NR; comp_e=32 src=NR
analytic,C2_infection_related_mortality_IRM_any_cause_infectious.csv,75,D+365_1yr,"event count back-derived from cumulative incidence (CIF x N), no source event count",ptcy_e=2 src=NR; comp_e=7 src=NR
analytic,C2_NRM_NRM_overall.csv,39,D+365_1yr,"event count back-derived from cumulative incidence (CIF x N), no source event count",ptcy_e=7 src=NR; comp_e=15 src=NR
analytic,C2_NRM_NRM_overall.csv,49,D+365_1yr,"event count back-derived from cumulative incidence (CIF x N), no source event count",ptcy_e=45 src=NR; comp_e=22 src=NR
analytic,C2_NRM_NRM_overall.csv,75,D+365_1yr,"event count back-derived from cumulative incidence (CIF x N), no source event count",ptcy_e=3 src=NR; comp_e=23 src=NR
analytic,C2_NRM_NRM_overall.csv,78,D+365_1yr,"event count back-derived from cumulative incidence (CIF x N), no source event count",ptcy_e=26 src=NR; comp_e=242 src=NR
analytic,C2_NRM_NRM_overall.csv,107,D+365_1yr,"event count back-derived from cumulative incidence (CIF x N), no source event count",ptcy_e=1 src=NR; comp_e=7 src=NR
analytic,C2_NRM_NRM_overall.csv,112,D+365_1yr,"event count back-derived from cumulative incidence (CIF x N), no source event count",ptcy_e=18 src=NR; comp_e=46 src=NR
analytic,C2_NRM_NRM_overall.csv,120,D+365_1yr,"event count back-derived from cumulative incidence (CIF x N), no source event count",ptcy_e=21 src=NR; comp_e=85 src=NR
analytic,C2_NRM_NRM_overall.csv,136,D+365_1yr,"event count back-derived from cumulative incidence (CIF x N), no source event count",ptcy_e=15 src=NR; comp_e=18 src=NR
analytic,C2_NRM_NRM_overall.csv,168,D+365_1yr,"event count back-derived from cumulative incidence (CIF x N), no source event count",ptcy_e=47 src=NR; comp_e=84 src=NR
analytic,C2_NRM_NRM_overall.csv,185,D+365_1yr,"event count back-derived from cumulative incidence (CIF x N), no source event count",ptcy_e=13 src=NR; comp_e=17 src=NR
analytic,C2_NRM_NRM_overall.csv,196,D+365_1yr,"event count back-derived from cumulative incidence (CIF x N), no source event count",ptcy_e=20 src=NR; comp_e=60 src=60
analytic,C2_NRM_NRM_overall.csv,254,D+365_1yr,"event count back-derived from cumulative incidence (CIF x N), no source event count",ptcy_e=4 src=NR; comp_e=16 src=NR
analytic,C2_NRM_NRM_overall.csv,363,D+365_1yr,"event count back-derived from cumulative incidence (CIF x N), no source event count",ptcy_e=1 src=NR; comp_e=16 src=NR
analytic,C2_NRM_NRM_overall.csv,366,D+365_1yr,"event count back-derived from cumulative incidence (CIF x N), no source event count",ptcy_e=15 src=NR; comp_e=15 src=NR
analytic,C2_NRM_NRM_overall.csv,167,end_of_followup,"event count back-derived from cumulative incidence (CIF x N), no source event count",ptcy_e=5 src=NR; comp_e=7 src=NR
analytic,C2_NRM_NRM_overall.csv,396,end_of_followup,"event count back-derived from cumulative incidence (CIF x N), no source event count",ptcy_e=34 src=NR; comp_e=23 src=NR
analytic,C2_overall_mortality_OS_event.csv,39,D+365_1yr,"event count back-derived from cumulative incidence (CIF x N), no source event count",ptcy_e=22 src=NR; comp_e=31 src=NR
analytic,C2_overall_mortality_OS_event.csv,49,D+365_1yr,"event count back-derived from cumulative incidence (CIF x N), no source event count",ptcy_e=70 src=NR; comp_e=42 src=NR
analytic,C2_overall_mortality_OS_event.csv,75,D+365_1yr,"event count back-derived from cumulative incidence (CIF x N), no source event count",ptcy_e=9 src=NR; comp_e=40 src=NR
analytic,C2_overall_mortality_OS_event.csv,107,D+365_1yr,"event count back-derived from cumulative incidence (CIF x N), no source event count",ptcy_e=4 src=NR; comp_e=11 src=NR
analytic,C2_overall_mortality_OS_event.csv,120,D+365_1yr,"event count back-derived from cumulative incidence (CIF x N), no source event count",ptcy_e=45 src=NR; comp_e=177 src=NR
analytic,C2_overall_mortality_OS_event.csv,185,D+365_1yr,"event count back-derived from cumulative incidence (CIF x N), no source event count",ptcy_e=20 src=NR; comp_e=25 src=NR
analytic,C2_overall_mortality_OS_event.csv,196,D+365_1yr,"event count back-derived from cumulative incidence (CIF x N), no source event count",ptcy_e=44 src=NR; comp_e=84 src=NR
analytic,C2_overall_mortality_OS_event.csv,254,D+365_1yr,"event count back-derived from cumulative incidence (CIF x N), no source event count",ptcy_e=7 src=NR; comp_e=22 src=NR
analytic,C2_overall_mortality_OS_event.csv,363,D+365_1yr,"event count back-derived from cumulative incidence (CIF x N), no source event count",ptcy_e=2 src=NR; comp_e=21 src=NR
analytic,C2_overall_mortality_OS_event.csv,366,D+365_1yr,"event count back-derived from cumulative incidence (CIF x N), no source event count",ptcy_e=26 src=NR; comp_e=26 src=NR
analytic,C2_overall_mortality_OS_event.csv,24,D+730_2yr,"event count back-derived from cumulative incidence (CIF x N), no source event count",ptcy_e=37 src=NR; comp_e=44 src=NR
analytic,C2_overall_mortality_OS_event.csv,43,D+730_2yr,"event count back-derived from cumulative incidence (CIF x N), no source event count",ptcy_e=29 src=NR; comp_e=25 src=NR
analytic,C2_overall_mortality_OS_event.csv,60,D+730_2yr,"event count back-derived from cumulative incidence (CIF x N), no source event count",ptcy_e=41 src=NR; comp_e=111 src=NR
analytic,C2_overall_mortality_OS_event.csv,61,D+730_2yr,"event count back-derived from cumulative incidence (CIF x N), no source event count",ptcy_e=71 src=NR; comp_e=670 src=NR
analytic,C2_overall_mortality_OS_event.csv,63,D+730_2yr,"event count back-derived from cumulative incidence (CIF x N), no source event count",ptcy_e=1125 src=NR; comp_e=159 src=NR
analytic,C2_overall_mortality_OS_event.csv,78,D+730_2yr,"event count back-derived from cumulative incidence (CIF x N), no source event count",ptcy_e=65 src=NR; comp_e=511 src=NR
analytic,C2_overall_mortality_OS_event.csv,99,D+730_2yr,"event count back-derived from cumulative incidence (CIF x N), no source event count",ptcy_e=40 src=NR; comp_e=124 src=NR
analytic,C2_overall_mortality_OS_event.csv,111,D+730_2yr,"event count back-derived from cumulative incidence (CIF x N), no source event count",ptcy_e=25 src=NR; comp_e=12 src=NR
analytic,C2_overall_mortality_OS_event.csv,112,D+730_2yr,"event count back-derived from cumulative incidence (CIF x N), no source event count",ptcy_e=80 src=NR; comp_e=117 src=NR
analytic,C2_overall_mortality_OS_event.csv,136,D+730_2yr,"event count back-derived from cumulative incidence (CIF x N), no source event count",ptcy_e=36 src=NR; comp_e=26 src=NR
analytic,C2_overall_mortality_OS_event.csv,137,D+730_2yr,"event count back-derived from cumulative incidence (CIF x N), no source event count",ptcy_e=135 src=NR; comp_e=27 src=NR
analytic,C2_overall_mortality_OS_event.csv,151,D+730_2yr,"event count back-derived from cumulative incidence (CIF x N), no source event count",ptcy_e=21 src=NR; comp_e=203 src=NR
analytic,C2_overall_mortality_OS_event.csv,257,D+730_2yr,"event count back-derived from cumulative incidence (CIF x N), no source event count",ptcy_e=47 src=NR; comp_e=151 src=NR
analytic,C2_overall_mortality_OS_event.csv,280,D+730_2yr,"event count back-derived from cumulative incidence (CIF x N), no source event count",ptcy_e=210 src=NR; comp_e=2163 src=NR
analytic,C2_overall_mortality_OS_event.csv,324,D+730_2yr,"event count back-derived from cumulative incidence (CIF x N), no source event count",ptcy_e=81 src=NR; comp_e=53 src=NR
analytic,C2_overall_mortality_OS_event.csv,353,D+730_2yr,"event count back-derived from cumulative incidence (CIF x N), no source event count",ptcy_e=9 src=NR; comp_e=9 src=NR
analytic,C2_overall_mortality_OS_event.csv,358,D+730_2yr,"event count back-derived from cumulative incidence (CIF x N), no source event count",ptcy_e=10 src=NR; comp_e=11 src=NR
analytic,C2_overall_mortality_OS_event.csv,384,D+730_2yr,"event count back-derived from cumulative incidence (CIF x N), no source event count",ptcy_e=37 src=NR; comp_e=102 src=NR
analytic,C2_overall_mortality_OS_event.csv,457,D+730_2yr,"event count back-derived from cumulative incidence (CIF x N), no source event count",ptcy_e=4 src=NR; comp_e=7 src=NR
analytic,C2_overall_mortality_OS_event.csv,465,D+730_2yr,"event count back-derived from cumulative incidence (CIF x N), no source event count",ptcy_e=16 src=NR; comp_e=25 src=NR
analytic,C3_aGVHD_grade_II_IV.csv,100,D+100,"event count back-derived from cumulative incidence (CIF x N), no source event count",ptcy_e=12 src=NR; comp_e=30 src=NR
analytic,C3_aGVHD_grade_II_IV.csv,146,D+100,"event count back-derived from cumulative incidence (CIF x N), no source event count",ptcy_e=33 src=NR; comp_e=71 src=NR
analytic,C3_aGVHD_grade_II_IV.csv,203,D+100,"event count back-derived from cumulative incidence (CIF x N), no source event count",ptcy_e=16 src=NR; comp_e=83 src=NR
analytic,C3_aGVHD_grade_II_IV.csv,243,D+100,"event count back-derived from cumulative incidence (CIF x N), no source event count",ptcy_e=108 src=NR; comp_e=118 src=NR
analytic,C3_aGVHD_grade_II_IV.csv,431,D+100,"event count back-derived from cumulative incidence (CIF x N), no source event count",ptcy_e=7 src=NR; comp_e=20 src=NR
analytic,C3_aGVHD_grade_II_IV.csv,461,D+100,"event count back-derived from cumulative incidence (CIF x N), no source event count",ptcy_e=5 src=NR; comp_e=12 src=NR
analytic,C3_aGVHD_grade_II_IV.csv,62,D+180,"event count back-derived from cumulative incidence (CIF x N), no source event count",ptcy_e=20 src=NR; comp_e=127 src=NR
analytic,C3_aGVHD_grade_II_IV.csv,244,D+180,"event count back-derived from cumulative incidence (CIF x N), no source event count",ptcy_e=128 src=NR; comp_e=129 src=NR
analytic,C3_aGVHD_grade_II_IV.csv,282,D+180,"event count back-derived from cumulative incidence (CIF x N), no source event count",ptcy_e=241 src=NR; comp_e=66 src=NR
analytic,C3_aGVHD_grade_III_IV.csv,100,D+100,"event count back-derived from cumulative incidence (CIF x N), no source event count",ptcy_e=4 src=NR; comp_e=21 src=NR
analytic,C3_aGVHD_grade_III_IV.csv,203,D+100,"event count back-derived from cumulative incidence (CIF x N), no source event count",ptcy_e=4 src=NR; comp_e=38 src=NR
analytic,C3_aGVHD_grade_III_IV.csv,243,D+100,"event count back-derived from cumulative incidence (CIF x N), no source event count",ptcy_e=16 src=NR; comp_e=15 src=NR
analytic,C3_aGVHD_grade_III_IV.csv,253,D+100,"event count back-derived from cumulative incidence (CIF x N), no source event count",ptcy_e=2 src=NR; comp_e=1 src=NR
analytic,C3_aGVHD_grade_III_IV.csv,431,D+100,"event count back-derived from cumulative incidence (CIF x N), no source event count",ptcy_e=3 src=NR; comp_e=15 src=NR
analytic,C3_aGVHD_grade_III_IV.csv,461,D+100,"event count back-derived from cumulative incidence (CIF x N), no source event count",ptcy_e=2 src=NR; comp_e=8 src=NR
analytic,C3_cGVHD_moderate_severe_NIH.csv,100,D+365_1yr,"event count back-derived from cumulative incidence (CIF x N), no source event count",ptcy_e=29 src=NR; comp_e=46 src=NR
analytic,C3_cGVHD_moderate_severe_NIH.csv,253,D+365_1yr,"event count back-derived from cumulative incidence (CIF x N), no source event count",ptcy_e=24 src=NR; comp_e=5 src=NR
analytic,C3_cGVHD_moderate_severe_NIH.csv,397,D+365_1yr,"event count back-derived from cumulative incidence (CIF x N), no source event count",ptcy_e=10 src=NR; comp_e=3 src=NR
analytic,C3_cGVHD_moderate_severe_NIH.csv,460,D+365_1yr,"event count back-derived from cumulative incidence (CIF x N), no source event count",ptcy_e=3 src=NR; comp_e=14 src=NR
analytic,C3_cGVHD_moderate_severe_NIH.csv,146,D+730_2yr,"event count back-derived from cumulative incidence (CIF x N), no source event count",ptcy_e=16 src=NR; comp_e=55 src=NR
analytic,C3_cGVHD_moderate_severe_NIH.csv,243,D+730_2yr,"event count back-derived from cumulative incidence (CIF x N), no source event count",ptcy_e=24 src=NR; comp_e=20 src=NR
analytic,C3_cGVHD_moderate_severe_NIH.csv,244,D+730_2yr,"event count back-derived from cumulative incidence (CIF x N), no source event count",ptcy_e=22 src=NR; comp_e=34 src=NR
analytic,C3_cGVHD_moderate_severe_NIH.csv,431,D+730_2yr,"event count back-derived from cumulative incidence (CIF x N), no source event count",ptcy_e=4 src=NR; comp_e=20 src=NR
analytic,C3_NRM_NRM_overall.csv,100,D+365_1yr,"event count back-derived from cumulative incidence (CIF x N), no source event count",ptcy_e=12 src=NR; comp_e=21 src=NR
analytic,C3_NRM_NRM_overall.csv,253,D+365_1yr,"event count back-derived from cumulative incidence (CIF x N), no source event count",ptcy_e=14 src=NR; comp_e=5 src=NR
analytic,C3_NRM_NRM_overall.csv,460,D+365_1yr,"event count back-derived from cumulative incidence (CIF x N), no source event count",ptcy_e=4 src=NR; comp_e=13 src=NR
analytic,C3_NRM_NRM_overall.csv,461,D+365_1yr,"event count back-derived from cumulative incidence (CIF x N), no source event count",ptcy_e=4 src=NR; comp_e=8 src=NR
analytic,C3_overall_mortality_OS_event.csv,100,D+365_1yr,"event count back-derived from cumulative incidence (CIF x N), no source event count",ptcy_e=16 src=NR; comp_e=29 src=NR
analytic,C3_overall_mortality_OS_event.csv,203,D+365_1yr,"event count back-derived from cumulative incidence (CIF x N), no source event count",ptcy_e=10 src=NR; comp_e=96 src=NR
analytic,C3_overall_mortality_OS_event.csv,253,D+365_1yr,"event count back-derived from cumulative incidence (CIF x N), no source event count",ptcy_e=21 src=NR; comp_e=7 src=NR
analytic,C3_overall_mortality_OS_event.csv,272,D+365_1yr,"event count back-derived from cumulative incidence (CIF x N), no source event count",ptcy_e=512 src=NR; comp_e=62 src=NR
analytic,C3_overall_mortality_OS_event.csv,460,D+365_1yr,"event count back-derived from cumulative incidence (CIF x N), no source event count",ptcy_e=8 src=NR; comp_e=15 src=NR
analytic,C3_overall_mortality_OS_event.csv,461,D+365_1yr,"event count back-derived from cumulative incidence (CIF x N), no source event count",ptcy_e=5 src=NR; comp_e=13 src=NR
analytic,C3_overall_mortality_OS_event.csv,44,D+730_2yr,"event count back-derived from cumulative incidence (CIF x N), no source event count",ptcy_e=28 src=NR; comp_e=49 src=NR
analytic,C3_overall_mortality_OS_event.csv,146,D+730_2yr,"event count back-derived from cumulative incidence (CIF x N), no source event count",ptcy_e=58 src=NR; comp_e=85 src=NR
analytic,C3_overall_mortality_OS_event.csv,243,D+730_2yr,"event count back-derived from cumulative incidence (CIF x N), no source event count",ptcy_e=138 src=NR; comp_e=81 src=NR
analytic,C3_overall_mortality_OS_event.csv,244,D+730_2yr,"event count back-derived from cumulative incidence (CIF x N), no source event count",ptcy_e=96 src=NR; comp_e=138 src=NR
analytic,C3_overall_mortality_OS_event.csv,431,D+730_2yr,"event count back-derived from cumulative incidence (CIF x N), no source event count",ptcy_e=15 src=NR; comp_e=32 src=NR
analytic,C3_overall_mortality_OS_event.csv,10,end_of_followup,"event count back-derived from cumulative incidence (CIF x N), no source event count",ptcy_e=251 src=NR; comp_e=NA src=NR
outcomes,outcomes.csv,437,end_of_followup,"proportion_reported_pct is proportion of deaths, not proportion of arm N",2/16 in-arm = 12.5% but 18.2% recorded (share of deaths)
outcomes,outcomes.csv,437,end_of_followup,"proportion_reported_pct is proportion of deaths, not proportion of arm N",3/17 in-arm = 17.6% but 42.9% recorded (share of deaths)
outcomes,outcomes.csv,299,end_of_followup,"proportion_reported_pct is proportion of deaths, not proportion of arm N",RRM narrative count only; no formal CIF reported
outcomes,outcomes.csv,299,end_of_followup,"proportion_reported_pct is proportion of deaths, not proportion of arm N",RRM narrative count only; no formal CIF reported
outcomes,outcomes.csv,NA,NA,"near-duplicate re-extraction rows removed (39 rows, 38 groups)",Resolved 2026-10-02 by scripts/fix-437-dedupe-review170.R; kept most complete row per group
outcomes,outcomes.csv,NA,NA,15 conflicting duplicate groups adjudicated against source PDFs (2026-10-02),scripts/adjudicate-conflicts.R; 15 rows dropped; 297 row 2134 relabelled clinically_relevant_HHV6_infection; 346 row 2547 relabelled grade 3-4 HC; 366/426 counts confirmed percentage-derived
models,"data/models/data_c{1,2,3}_*.csv",NA,NA,PDF-verified CIF-derived arms nulled in 5 pooled model rows,"Studies 20 (cGVHD), 198/66/299 (OS), 397 (NRM): events set NA in data_c1_cgvhd_ms, data_c1_os, data_c2_os, data_c3_nrm + analytic equivalents; Table 2 estimates for these outcomes change on refit"
